0,syn_mean,literally,speak,syno_lower_mean,attitude,index,sensitivity,disgust_mood,hashtag,introspection,polarities,temper,fear_mood,Questioning,Change_direction,Mental_property,Taking,Measure_volume,anniversary,cool,die,directorate,lust,face,game,jumping,Aggregate,text
0,0.256130097827468,0,1,0.302635081181794,-0.0064705882352941,0,0.0714117647058823,0,0,0.053235294117647,2,0.0668235294117647,0,0,0,0,0,0,0,0,0,0,0,0,0,0,0,good im double dipping speak. im half way season 3 im also watching season 4. great show!
0,0.3134834927491515,0,0,0.502262443438914,-0.0185714285714285,1,0.0455714285714285,0,1,0.0147142857142857,2,0.0552857142857142,0,0,0,0,0,0,0,0,0,0,0,0,0,0,0,protect me??? heavens go fathers kingdom out...
1,0.3628509719222463,0,0,0.5842760180995475,0.07625,2,0.04875,0,1,0.1563333333333333,2,0.1344166666666666,1,0,0,0,0,0,0,1,0,0,1,0,0,0,0,love professorlayton story never make sense? adventure game solve logic puzzles confused
0,0.3296228609403555,1,0,0.2333797424295161,-0.0084615384615384,3,0.094,0,0,0.0692307692307692,2,0.041,0,0,0,0,0,0,0,0,0,0,0,0,0,0,0,xbox night.. good job school day short tomorrow otherwise would literally walking zombie..
1,0.4732421406287497,0,0,0.5512820512820512,0.0771111111111111,4,0.0344444444444444,0,0,0.0797777777777777,0,0.0996666666666666,1,0,1,0,0,0,0,0,0,0,0,0,0,0,0,v. frustrating want support equal rights people talking turns
0,0.0280777537796976,0,0,0.0907805429864253,0.0,5,0.1125,0,0,0.2155,2,0.0,0,0,0,0,0,0,0,0,0,0,0,0,0,0,0,mcdonalds 230 im morning lol totally normal !
1,0.224622030237581,0,0,0.3190045248868778,-0.06,6,0.245,0,0,0.3252,2,0.0994,0,0,0,0,0,0,0,0,0,0,0,0,0,0,0,glad arrived chicago rush hour
0,0.613390928725702,0,1,0.7194570135746605,-0.022,7,0.0644,0,0,0.0,2,0.0726,0,0,0,0,0,0,0,0,0,0,0,0,0,0,0,know good hand cards speak
1,0.5572354211663068,0,0,0.6776018099547512,0.0,8,0.11,0,0,0.0,2,0.0,0,0,0,0,0,0,0,0,0,0,0,0,0,0,0,feel like say pride didnt go
1,0.4800987349583462,0,0,0.574983839689722,0.0,9,0.2548571428571428,0,1,0.2585714285714285,2,0.2208571428571428,0,0,0,0,0,0,0,0,0,0,0,0,0,0,0,first capital connect great train service london
0,0.2456032088861462,0,1,0.3374272786037491,0.0463571428571428,10,0.0202142857142857,0,0,0.0032857142857142,0,-0.0057142857142857,0,0,0,0,0,0,0,0,0,0,0,0,0,0,0,ive ting 7 years ive got loads learn. havent mastered it. proof pudding speak
1,0.2188624910007199,0,0,0.290158371040724,0.131,11,0.0849166666666666,1,0,0.0662499999999999,2,0.0,1,0,0,0,0,0,0,0,0,0,0,0,0,0,0,denison town-wide power outage find it? lost wireless internet access chose investigate!
1,0.2548596112311015,0,0,0.3453054298642534,-0.08875,12,-0.0075,1,1,-0.03,0,0.0105,0,0,0,0,0,0,0,0,0,0,0,1,0,0,0,skin peeling face sunburnt looked damn attractive! yuk
0,0.1665030433928921,0,1,0.3541752365281777,0.0,13,0.1601818181818181,0,0,0.1724545454545454,2,0.0,0,0,0,0,0,0,0,1,0,0,1,0,0,0,0,sigmund freud whoever loves becomes humble. love speak pawned part narcissism.
1,0.3820494360451164,0,0,0.4457013574660634,-0.09,14,0.1413333333333333,1,1,0.1184444444444444,2,0.0403333333333333,0,0,0,0,0,0,0,0,0,0,0,0,0,0,0,cleverley good passer ball always big impact games englandwildcards
0,0.1828653707703383,0,0,0.2138009049773755,0.0,15,0.15,0,0,0.2873333333333333,2,0.0,0,0,0,0,0,0,0,0,0,0,0,0,0,0,0,feeling sleepy alll watching movie lol
0,0.300019634792853,1,0,0.351090086384204,-0.0254545454545454,16,0.0292727272727272,1,0,0.0,0,0.033,0,0,0,0,0,0,0,0,0,0,0,0,0,0,0,literally wait sold 250 1k bought 750 1.5k see good prices
0,0.1864650827933765,0,1,0.1346153846153846,0.0761666666666666,17,-0.0458333333333333,0,0,-0.0528333333333333,0,0.0,0,0,0,0,0,0,0,0,0,0,0,0,0,0,0,body becomes doorway speak deeper sense aliveness underneath fluctuating emotions thinking. 21
1,0.1900647948164147,0,0,0.3071266968325792,0.07725,18,0.1805,0,0,0.1611666666666666,2,-0.0683333333333333,0,0,0,0,0,0,0,0,0,0,1,0,0,0,0,love mom plans pretty much grad party already told wanted family dinner.
1,0.0874730021598272,0,0,0.1374434389140271,-0.015125,19,0.03475,1,1,0.27775,2,0.03825,1,0,0,0,0,0,0,0,0,0,0,0,0,0,0,favourite mythical creatures happy girls tampon commercials yeahright
1,0.8236141108711305,0,0,0.920814479638009,0.2769999999999999,20,0.3,0,0,0.6093333333333334,2,0.0,0,0,0,0,0,0,0,0,0,0,0,0,0,0,0,taken advantage cool
1,0.5932325413966884,0,0,0.6040723981900452,0.0,21,0.127,0,0,0.1495,2,0.0,0,0,0,0,0,0,0,0,0,0,1,0,0,0,0,love watching play video games fun.
1,0.1612670986321094,0,0,0.1402714932126696,0.0,22,0.0,0,0,0.3,2,0.0,0,0,0,0,0,0,0,0,0,0,0,0,0,0,0,thanks putting kennel...........
1,0.0847732181425486,0,0,0.1756221719457013,-0.0075,23,-0.091875,1,1,0.156875,2,0.23125,1,0,0,0,0,0,0,0,0,0,0,0,0,0,0,german weather-cycle sun. partly cloudy mostly cloudy rain rain lot rain rain rain rain. repeat. immamissit
1,0.2080633549316055,0,0,0.3042986425339366,-0.0666666666666666,24,0.2322499999999999,1,0,0.2083333333333333,2,0.0,0,0,0,0,0,0,0,0,0,0,0,0,0,0,0,kids nextdoor even cuter screaming top lungs parents partying loudly garden 4am
0,0.265658747300216,0,0,0.5107466063348416,0.0,25,0.0,0,0,0.103,2,0.0,0,0,0,0,0,0,0,0,0,0,0,0,0,0,0,lol definitely couldnt tell got 3 hours sleep...
0,0.2568230905163951,0,0,0.3881118881118881,-0.0154545454545454,26,0.0768181818181818,1,0,0.0815454545454545,2,0.0057272727272727,0,0,0,0,0,0,0,0,0,0,1,0,0,0,0,dont love realise know someone well tell theyve bathroom smell their..
0,0.2602591792656588,0,0,0.2095588235294117,-0.006,27,-0.0794999999999999,1,1,-0.225375,0,0.01575,0,0,0,0,0,0,0,0,0,0,0,0,0,0,0,nice try ... im falling it. propaganda also
1,0.2018456705281759,0,0,0.2554504319210202,0.1529090909090909,28,0.1418181818181818,0,1,0.0763636363636363,2,-0.0777272727272727,0,0,0,0,0,0,0,0,0,0,0,0,0,0,0,choose hike trail escape bustle discover motorable road side top! windyhills
0,0.2456032088861462,0,0,0.3398513251454427,0.0,29,0.1255,0,1,0.1339999999999999,2,0.0,0,0,0,0,0,0,0,0,0,0,0,0,0,0,0,!! ....... rt lets see pacers extend series game 7 tonight. pacers heat indvsmia
0,0.3484521238300936,1,0,0.4871794871794871,-0.0122222222222222,30,0.1204444444444444,0,0,0.013,2,-0.053,0,0,0,0,0,0,0,0,0,0,1,0,0,0,0,hurry n finish man good im literally love poussay
1,0.4132469402447804,0,0,0.3778280542986425,0.0,31,0.1516666666666666,0,0,0.0898333333333333,2,-0.1616666666666666,0,0,0,0,0,0,0,0,0,0,0,0,0,0,0,...because calling people way reach them.
0,0.2826288182659673,0,1,0.453781512605042,0.0,32,0.2571428571428572,0,0,0.2571428571428572,2,0.0,0,0,0,0,0,0,0,0,0,0,0,0,0,0,0,ooooh youre ahead too. get fortnight. speak
0,0.4384449244060476,0,0,0.5361990950226244,0.0,33,0.183,0,1,0.1856249999999999,2,-0.1025,0,0,0,0,0,0,0,0,0,0,0,0,0,0,0,well feel loved dont know feel cheers guess
0,0.3052555795536357,0,0,0.3024132730015083,0.105,34,-0.0988888888888888,0,1,-0.0988888888888888,0,0.0,0,0,0,0,0,0,0,0,0,0,0,0,0,0,0,knew lebronjames kryptonite heat? adding plays for... miamiheat. gospursgo
0,0.5238562733163165,0,0,0.5639654463183874,-0.0845454545454545,35,0.1542727272727272,1,1,0.3126363636363636,2,-0.1194545454545454,1,0,0,0,0,0,0,0,0,0,0,0,0,0,0,. ironic given phraseimagery range roam shine light corner culture. metaphor
0,0.2980561555075594,0,0,0.6549773755656109,0.0,36,0.1905,0,0,0.0292499999999999,0,-0.21,0,0,0,0,0,0,0,0,1,0,1,0,0,0,0,people love fake people
1,0.1540676745860331,0,0,0.2194570135746606,0.0,37,0.4176666666666666,0,0,0.2771666666666667,2,-0.0143333333333333,0,0,0,0,0,0,0,0,0,0,0,0,0,0,1,excited exact teams nba finals year
1,0.2136265462399372,0,0,0.1567256273138626,0.0848181818181818,38,-0.0112727272727272,0,1,-0.0132727272727272,2,0.0,1,0,0,0,0,0,0,0,0,0,0,0,0,0,0,think time became personal trainer. pay baked goods ohwell sayyes lol
0,0.128869690424766,0,0,0.1826923076923076,0.0,39,0.0,0,0,0.0,1,0.0,0,0,0,0,0,0,0,0,0,0,0,0,0,0,0,did! were! . i’m looking forward rocking look cowes friday night! -
0,0.1576673866090712,0,0,0.1586538461538461,0.0,40,-0.2375,1,1,-0.21625,0,0.0,1,0,0,0,0,0,0,0,0,0,0,0,0,0,0,1 employment location undocumented immigrants american home immigrationreform
0,0.1900647948164147,1,0,0.1063348416289592,0.3126666666666666,41,-0.1933333333333333,0,0,-0.32,0,0.0,0,0,0,0,0,0,0,0,0,0,0,0,0,0,0,literally waiting response
1,0.1648668106551476,0,0,0.1346153846153846,-0.0098333333333333,42,-0.1391666666666666,1,0,-0.1433333333333333,0,-0.055,1,0,0,0,0,0,0,0,0,0,0,0,0,0,0,although walk valley shadow death fear evil im satans spawn. barack obama
1,0.5500359971202304,0,0,0.5305429864253394,-0.0699999999999999,43,0.4073333333333333,0,0,0.4378333333333333,2,-0.0046666666666666,0,0,0,0,0,0,0,0,0,0,0,0,0,0,0,soo glad best friend checked lately
0,0.3304535637149028,1,0,0.311368778280543,-0.01375,44,0.159,0,0,0.28475,2,0.045375,0,0,0,0,0,0,0,1,0,0,0,1,0,0,0,couldnt bigger smile face. literally feels good vacation
1,0.2956563474922006,0,0,0.3476621417797888,0.0,45,0.0983333333333333,0,1,0.0818888888888888,2,0.0,0,0,0,0,0,0,0,0,0,0,0,0,0,0,0,keep sharing look video on......social media p socialmedia lookup
0,0.0851589015735884,0,1,0.1192630898513251,0.0,46,0.078,0,0,0.0774285714285714,2,-0.0971428571428571,0,0,0,0,0,0,0,0,0,0,0,0,0,0,1,interesting. might kindred soul visiting soon. speak.
1,0.0892728581713463,0,0,0.1035067873303167,0.0204166666666666,47,0.0561666666666666,0,0,0.1617499999999999,2,0.0769166666666666,1,0,0,0,0,0,1,0,0,0,0,0,0,0,0,happy birthday peace lovin guy whos inadvertently caused death anyone human history.
0,0.4060475161987041,1,0,0.311368778280543,-0.01375,48,0.04025,0,0,0.0,2,0.045375,0,0,0,0,0,0,0,0,0,0,0,0,0,0,0,starbucks sounds good right now. literally anything starbucks!
0,0.2937365010799136,0,0,0.4027149321266968,0.0622,49,0.0617333333333333,0,0,0.004,2,0.0084,1,0,0,0,0,0,0,0,0,0,0,0,0,0,0,pete rose says jimmy rollins worried ab personal recordswhat pete rose played baseballor somebody else
1,0.5032397408207343,0,0,0.3665158371040724,-0.0525,50,0.05075,0,0,0.0945,2,0.097,0,0,0,0,0,0,0,0,0,0,0,0,0,0,0,much catch summer cray....
0,0.3142548596112312,0,0,0.2774321266968326,0.097625,51,-0.2175,0,0,-0.09375,0,0.0,1,0,0,0,0,0,0,0,0,0,0,0,0,0,0,packed diego costa begovic starter futwc pack bad
1,0.5140388768898488,0,0,0.3970588235294118,0.0,52,0.0787,0,1,0.0866,2,-0.0581999999999999,0,1,0,0,0,0,0,0,0,0,0,0,0,0,0,yeah ask call wanna listen friend play video games whatareweanymore
1,0.6405430422709041,0,0,0.8901098901098901,0.0,53,0.0,0,1,0.0,1,0.0,0,0,0,0,0,0,0,0,0,0,0,0,0,0,0,mngop2014 currently playing going go way... .
0,0.3412526997840173,0,0,0.3410633484162896,-0.01875,54,0.03175,0,0,0.036,0,0.00075,0,0,0,0,0,0,0,0,0,0,0,0,0,0,0,nice lady reception dentists gave freebies. kid lollipops
1,0.3813637766121568,0,0,0.5943762120232708,0.0,55,0.0,0,0,0.0,1,0.0,0,0,0,0,0,0,0,0,0,0,0,0,0,0,0,night? 2 movies ? go back outside?
1,0.4190064794816415,0,0,0.4513574660633484,0.0,56,0.0,0,1,-0.078,0,0.0052,0,0,0,0,0,0,0,0,0,0,0,0,0,0,0,threw little reading that. puckers lips nasty hope gets flu.
1,0.1276697864170866,0,0,0.3514328808446455,-0.1111111111111111,57,-0.0053333333333333,1,1,0.013,0,-0.0933333333333333,1,0,0,0,0,0,0,0,0,0,1,0,0,0,0,dont love people stab fucking back? thoughtyouwereafriend bitches fuckall
1,0.4168466522678186,0,0,0.6210407239819005,0.0755833333333333,58,-0.1658333333333333,1,0,-0.1449166666666667,0,0.0778333333333333,1,0,0,0,0,0,0,0,1,0,0,0,0,0,0,lightheaded nauseous shooting pains going left arm. oh post immunisation symptoms fun
0,0.0856731461483081,0,0,0.1826923076923076,-0.03225,59,0.1474166666666666,1,1,0.28525,2,-0.0498333333333333,1,0,0,0,0,0,0,0,0,0,1,0,0,0,0,oh gosh like wow love kaleb soooooo freaking awesome bejelli cuz friend
1,0.2085775995063252,1,0,0.1968325791855203,0.0,60,-0.1414285714285714,0,0,-0.2157142857142857,0,-0.12,1,0,0,0,0,0,0,0,0,0,0,0,0,0,0,happened october literally nothing walked away relationship
0,0.4852411807055436,1,0,0.7002262443438914,0.08225,61,-0.0708333333333333,0,0,-0.1316666666666666,0,-0.0699999999999999,1,0,0,0,0,0,0,0,0,0,0,0,0,0,0,like keep going would fucking miserable without kid literally head heels theyre
1,0.0712742980561555,0,0,0.0837104072398189,0.0828333333333333,62,0.0791666666666666,0,1,0.063,2,0.0651666666666666,0,0,0,0,0,0,0,0,0,0,0,0,0,0,0,rich people secretly discuss whether privacy exists. bilderberg nuthinsuss surveillancestate nwo 2014may…
0,0.2332613390928725,0,1,0.3495475113122172,0.1045,63,-0.00125,0,0,0.0308333333333333,2,0.0,1,0,0,0,0,0,0,0,0,0,0,0,0,0,0,goes show - never underestimate power darkness. thanks armaros we…dodged bullet speak…
1,0.2926565874730022,0,0,0.4343891402714932,0.062875,64,-0.105,0,0,-0.09625,0,0.0,1,0,0,0,0,0,0,0,0,0,0,0,0,0,0,gonna see fuckup shoulder today cause want surgery
1,0.3395912942349228,0,0,0.4839888618169161,0.0,65,0.103076923076923,0,0,0.1109230769230769,2,-0.0561538461538461,0,0,0,0,0,0,0,0,0,0,1,0,0,0,0,well seen sun today... place filled crackpots fannys!!! gotta love sunny scotland ....
0,0.2390208783297336,1,0,0.3461538461538461,0.0,66,0.0,0,0,0.0,2,0.0039333333333333,0,0,0,0,0,0,0,0,0,0,0,0,0,0,0,1630. weve literally spent entire day dfac pretty much. probably going hard drinking tonight can....
0,0.228461723062155,0,0,0.5060331825037707,0.0,67,-0.0922222222222222,0,0,-0.0866666666666666,0,-0.0933333333333333,1,0,0,0,0,0,0,0,0,0,0,0,0,0,0,16 days till leave spain. ill fuck shit europe.
0,0.6976241900647948,0,0,0.6945701357466063,-0.01,68,-0.0124999999999999,1,0,0.0058333333333333,0,-0.0033333333333333,1,0,0,0,0,0,0,0,0,0,0,0,0,0,0,proverbial lemonade made made mistakes see lifes lemons often times come abundance
1,0.4276457883369331,0,0,0.5090497737556561,-0.011,69,0.1222,0,1,0.09,2,0.0363,0,0,0,0,0,0,0,0,0,0,0,0,0,0,0,know gonna good day crack phone first thing morninnn wheresmycase
0,0.119099043505091,0,0,0.1507756948933419,0.088,70,-0.0949285714285714,0,0,-0.0387857142857142,0,0.0445,1,0,0,0,0,0,0,0,0,0,0,0,0,0,0,would hilarious donald sterling donated 1.9 billion profit clippers sale feed starving children africa
1,0.2836573074154068,0,0,0.5644796380090498,0.0023333333333333,71,0.1418333333333333,0,0,0.1595,2,0.0,0,0,0,0,0,0,0,0,0,0,1,0,0,0,0,seen facebook? everyone tonight! love invite
1,0.5323143379298887,0,0,0.7267664462234598,-0.0339230769230769,72,0.079076923076923,1,1,0.0336923076923077,2,0.0048461538461538,1,0,0,0,0,0,0,0,0,0,0,0,0,0,0,bedroom finally getting cleared unfortunately finally get back bed.....in-laws land sunday ready guests
0,0.402447804175666,0,0,0.5729638009049773,0.0,73,0.0,0,0,0.0644166666666666,2,0.06325,0,0,0,0,0,0,0,0,0,0,0,0,0,0,0,feel like ive seeing lot girls post pictures lush products claiming problem.
0,0.2926565874730022,0,1,0.2816742081447964,0.091875,74,0.105125,0,0,0.0,2,0.055,0,0,0,0,0,0,0,0,0,0,0,0,0,0,0,name app says secret info says speak freely.
0,0.2116630669546436,0,0,0.2689479638009049,0.0,75,0.250125,0,0,0.234875,2,-0.0829999999999999,0,0,0,0,0,1,0,0,0,0,1,0,0,0,0,love pink water bottle doesnt actually pink whatsoever
0,0.2266157168964944,0,0,0.269926905673512,-0.003076923076923,76,0.3776153846153847,0,1,0.3284615384615384,2,0.084,0,0,0,0,0,0,0,0,0,0,0,0,0,0,0,donate education metro bus education matters traveling support tameer e school rt plz
1,0.3250539956803456,0,0,0.2986425339366516,0.0,77,0.0,0,0,0.0,1,0.0,0,0,0,0,0,0,0,0,0,0,0,0,0,0,0,fabregas come back arsenal says cazorla santi xavi
0,0.2686039662281563,1,0,0.2030028794734676,-0.01,78,0.0292727272727272,0,0,0.0809090909090909,2,0.0978181818181818,0,0,0,1,0,0,0,0,0,0,0,0,0,0,0,driving around hours crissy amelia. literally good evening! meadfoot berry head..
1,0.175665946724262,0,0,0.1855203619909502,0.0,79,-0.0141666666666666,0,1,0.0,0,0.0,1,0,0,0,0,0,0,0,0,0,0,0,0,0,0,contact number missguided dont answer customer calls?! theyve sent faulty item... reallyimpressed
1,0.1468682505399568,0,0,0.1221719457013574,0.3096,80,-0.288,0,0,-0.2679999999999999,0,0.0,1,0,0,0,0,0,0,0,0,0,0,0,0,0,0,insurance companies thieving crook fraudsters
1,0.6940244780417567,0,0,0.8076923076923077,-0.02,81,0.072,0,0,0.0225,2,0.0375,0,0,0,0,0,0,0,0,0,0,0,0,0,0,0,alexis picked best day go pool...
0,0.2620590352771779,0,1,0.2816742081447964,-0.1233333333333333,82,0.0169999999999999,1,0,-0.0028333333333333,0,0.0,0,0,0,0,0,0,0,0,0,0,0,0,0,0,0,want upset apple cart speak xx
0,0.4193387605914604,0,0,0.3508527671423599,0.0,83,-0.0721538461538461,0,1,-0.0463846153846153,0,0.0,1,0,0,0,0,0,0,0,0,0,1,0,0,0,0,listening music feel type way say something bad thing love bad thinking bout
1,0.357451403887689,0,0,0.4259049773755656,0.106625,84,-0.095,0,0,0.04625,0,0.0,1,0,0,0,0,0,0,1,0,0,0,0,0,0,0,oh. im forced take new twitter settings. great.
1,0.4060475161987041,0,0,0.3410633484162896,-0.10125,85,0.0,1,0,-0.12,0,0.0,0,0,0,0,0,0,0,0,0,0,0,0,0,0,0,staring many grumpy faces right put graduating mood.
0,0.3073125578525147,0,1,0.4343891402714932,0.0,86,0.1958571428571428,0,1,0.2267142857142857,2,-0.1414285714285714,0,0,0,0,0,0,0,0,0,0,1,0,0,0,0,wrote post bhutan phallic love affair speak
1,0.0892728581713463,0,0,0.2307692307692307,0.0,87,0.0,0,0,0.0,1,0.0,0,0,0,0,0,0,0,0,0,0,0,0,0,0,0,maybe need racing?
1,0.5692344612431006,0,0,0.6153846153846153,-0.0133333333333333,88,0.048,0,0,0.015,2,0.025,0,0,0,0,0,0,0,0,0,0,0,0,0,0,0,took career test said career counseling best suited me.
0,0.1987041036717062,0,1,0.2104072398190045,0.0,89,0.0283999999999999,0,0,0.0,2,0.0324,0,0,0,0,0,0,0,0,0,0,0,0,0,0,0,popping cherry speak tonight kate
1,0.1843052555795536,0,0,0.2149321266968325,-0.066,90,0.0686666666666666,1,0,0.0465333333333333,2,-0.0473333333333333,1,0,0,0,0,0,0,0,0,0,0,0,0,0,0,dan snyder trying pay websters remove first def. redskin. next establish original americans literacy foundation.
1,0.2764578833693304,0,0,0.2850678733031674,0.0,91,0.0556666666666666,0,1,0.1104666666666666,2,0.0,0,0,0,0,0,0,0,0,0,0,0,0,0,0,0,im always u u need someone talk seems like rest time u treat like crapwhatagreatfriendur
0,0.3100551955843533,1,0,0.4343891402714932,-0.0122222222222222,92,0.0357777777777777,0,0,0.0048888888888888,2,-0.053,0,0,0,0,0,0,0,0,0,0,0,0,0,0,0,ive literally eaten nothing day need good first haha
1,0.3844492440604752,0,0,0.311368778280543,0.0,93,0.0,0,0,0.0,1,0.0,0,0,0,0,0,0,0,0,0,0,0,0,0,0,0,well hed well qualified know deceiving british public
1,0.2698122611729524,0,0,0.3508527671423599,0.0327692307692307,94,-0.081076923076923,1,0,-0.1284615384615384,0,0.043076923076923,1,1,0,0,0,0,0,0,0,0,0,0,0,0,0,jameis winston definitely asked crab legs consent stole like girl got consent from.
0,0.0550755939524838,1,0,0.0738122171945701,0.09225,95,0.0,0,0,0.2095,2,0.0,0,0,0,0,0,0,0,0,0,0,0,0,0,0,0,ya know.. im pretty sure literally one. haha
1,0.1804655627549796,0,0,0.253393665158371,0.2015555555555555,96,0.0333333333333333,0,1,0.0931111111111111,2,0.0,0,0,0,0,0,0,0,0,0,0,0,0,0,0,0,person even slightly interested groves froch fight ? bothered
1,0.1738660907127429,0,0,0.1289592760180995,0.0,97,0.12375,0,1,0.099375,2,0.0,0,0,0,0,0,0,0,0,0,0,0,0,0,0,0,hundred pages read genetics chemistry day tomorrow. mysummerisgreat
0,0.1630669546436285,0,0,0.2053167420814479,0.0,98,0.1125,0,0,0.1125,2,0.0,0,1,0,0,0,0,0,0,0,0,0,0,0,0,0,whos ready first day ib testing?? whoot whoot!!
1,0.060475161987041,0,0,0.0678733031674208,0.0,99,0.0863,0,1,0.0,2,0.0,0,0,0,0,0,0,0,0,0,0,0,0,0,0,0,chopped canada aaaaallllllmosttttt motivates actually cook whatayaknow cerealitis solideffort lackappetite
0,0.6004319654427646,0,0,0.6677036199095022,0.0,100,0.0,0,0,0.1125,2,0.0,0,0,0,0,0,0,0,1,0,0,0,0,0,0,0,beginning implies end end marks beginning something new
1,0.1954643628509719,0,0,0.3156108597285068,0.0,101,0.05625,0,1,-0.04125,0,-0.105,0,0,0,0,0,0,0,0,0,0,0,0,0,0,0,5 years without fucking beer! fucking major withdrawl right now!!! ahhhhhh!!!! why? why???????? help must drinky
1,0.3455723542116631,0,0,0.3665158371040724,-0.198,102,0.18,1,0,-0.006,0,0.0,0,0,0,0,0,0,0,0,0,0,0,0,0,0,0,youre cool post drunk are.
1,0.0789879666769515,0,0,0.0804783451842275,-0.0324285714285714,103,-0.0088571428571428,1,1,0.1385714285714285,0,0.0,1,0,0,0,0,0,0,0,0,0,0,0,0,0,0,wish luck midterm im freaking out! soready
1,0.4091329836470225,0,0,0.441661279896574,0.0502142857142857,104,-0.0762142857142857,1,0,-0.0339999999999999,0,-0.065,0,0,0,0,0,0,0,0,0,0,0,0,0,0,0,still least means weve finally found use young unemployed people. tory policies better country.
0,0.2894168466522678,1,0,0.2816742081447964,-0.02,105,0.1536,0,0,0.0267,2,-0.0351,0,0,0,0,0,0,0,0,0,0,0,0,0,0,0,im literally shaking nice ily much deserve good thongs life
1,0.2498753945838179,0,0,0.2673163940132266,0.1972307692307692,106,0.0814615384615384,0,1,-0.0576923076923076,2,0.0,1,0,0,0,0,0,0,0,0,0,0,0,0,0,0,soo..he asshole last week words mine week youre cooking dinner together bad keeper
1,0.4739278000617094,0,0,0.7737556561085972,0.0,107,0.0445714285714285,0,1,0.1281428571428571,0,0.0,1,0,0,0,0,0,0,0,0,0,1,0,0,0,0,really love people get tattoo spot realnice
1,0.4677568651650726,0,0,0.5216548157724628,0.0,108,0.0,0,0,0.1285714285714286,2,0.0,0,0,0,0,0,0,0,0,0,0,0,0,0,0,0,thank making adding tracks starred playlist easy.
0,0.2375809935205183,1,0,0.2884615384615384,-0.011,109,0.0322,0,0,0.0,2,0.0363,0,0,0,0,0,0,0,0,0,0,0,0,0,0,0,literally like 10 good morning gorgeousbeautiful messages fb replied one
0,0.1834191726200365,0,0,0.2386007657500869,0.0585384615384615,110,0.1706923076923077,0,1,0.1361538461538461,2,0.0,1,0,0,0,0,0,0,0,0,0,0,0,0,0,0,dislike eating late chicken red velvet cookies ...eaten together course p ineedtodobetter --
0,0.2641160135760568,1,0,0.2065287653522947,0.111,111,-0.0847142857142857,0,0,-0.0355714285714285,0,0.0437142857142857,1,0,0,0,0,0,0,0,0,0,0,0,0,0,0,allie literally always miserable time happy time
0,0.617230621550276,0,1,0.6794871794871794,0.0,112,0.0082222222222222,0,0,0.0026666666666666,2,0.0,0,0,0,0,0,0,0,0,0,0,0,0,0,0,0,company cover fortuna decreed pull lagniappe take edge speak
1,0.1734507393254693,0,0,0.3900104420466411,0.0,113,0.0586153846153846,0,0,0.009,0,-0.0646153846153846,0,0,0,0,0,0,0,0,0,0,1,0,0,0,0,wanna know another pro pregnancy? waking find youre leaking milk. fucking love do.
0,0.4139014333398783,0,0,0.4621554915672562,0.0,114,0.0715454545454545,0,0,0.1605454545454545,2,-0.028,0,0,0,0,0,0,0,0,0,0,0,0,0,0,0,friend used work talent corp completed masters harvard. want return malaysia.
1,0.1123110151187905,0,0,0.1052036199095022,0.0008,115,0.115,0,1,0.0915,2,0.0101,0,0,0,0,0,0,0,0,0,0,0,0,0,0,0,huge jackman looked little scronny newest x-men film. doeshefitthroughdoors? hughjackman
1,0.2175535048105242,0,0,0.2585355820649938,-0.0663636363636363,116,-0.0745454545454545,1,1,-0.0709090909090909,0,-0.0763636363636363,1,0,0,0,0,0,0,0,0,0,0,0,0,0,0,grannyescort c4- 84 year old recovering major operation looks hot! puke
1,0.6976241900647948,0,0,0.8543552036199095,0.0,117,0.123375,0,1,0.207625,2,0.0,0,0,0,0,0,0,0,0,0,0,0,0,0,0,0,people take pictures running soattractive picture lunch room
0,0.3682505399568035,0,0,0.544683257918552,0.0,118,0.209625,0,1,0.218875,2,0.0,0,0,0,0,0,0,0,0,0,0,0,0,0,0,0,gun goes chinese kindergarten class safety talk -story454…
0,0.2498753945838179,0,0,0.3378002088409328,-0.003076923076923,119,0.0086923076923076,0,1,-0.0046153846153846,2,0.0776153846153846,0,0,0,0,0,0,0,0,0,0,0,0,0,0,0,cant believe waited 20m bus delayed many busses getting others way mktransport arriva
1,0.1036717062634989,0,0,0.1822882999353587,-0.0385714285714285,120,0.1562857142857142,0,0,0.1352857142857143,2,0.0774285714285714,0,0,0,1,0,0,0,0,0,0,0,0,0,0,0,yeah cuz kid need assistance attitude department.
0,0.3827878385113807,0,0,0.4526627218934911,0.1527692307692307,121,0.1031538461538461,0,1,0.0204615384615384,2,-0.04,1,0,0,0,0,0,0,0,0,0,0,0,0,0,0,u.s customs border protection get suv washed car wash full legal workers madfunny
0,0.203023758099352,0,1,0.3054298642533936,-0.028,122,0.0832,0,0,0.0935999999999999,2,-0.0223999999999999,0,0,0,0,0,0,0,0,0,0,0,0,0,0,0,interesting prediction. want guys play. hopefully carter regains form speak
1,0.6814254859611232,0,0,0.5913461538461539,0.021,123,-0.030375,0,1,-0.025375,2,-0.00375,1,0,0,0,0,0,0,0,0,0,0,0,0,0,0,car broken cannot drive atlanta ride bicycle criticalmass.
1,0.166066714662827,0,0,0.1930618401206636,0.0,124,0.1714444444444444,0,0,0.101,0,-0.2533333333333333,1,0,0,0,0,0,0,0,0,0,0,0,0,0,0,. north korea lovely economy ignore concentration camps starvation.
0,0.2579450786794199,0,0,0.2840982546864899,0.0855714285714285,125,0.0361428571428571,0,0,0.0291428571428571,2,0.01,1,0,0,0,0,0,0,0,0,0,0,0,0,0,0,think coincidence hat two tweets pop together?
0,0.2512598992080634,0,0,0.3410633484162896,0.0615,126,0.075,0,0,0.081,2,-0.0699999999999999,0,0,0,0,0,0,0,0,0,0,0,0,0,0,0,well thats mature. blocking putting fucking place. wow sure showed him. .
1,0.3196544276457884,0,0,0.4155354449472097,0.0,127,0.1562222222222222,0,0,0.0943333333333333,2,-0.06,0,0,0,0,0,0,0,0,0,0,0,0,0,0,0,fire scatter everythingfire transform anythingand fire cook you.... life
1,0.4924406047516199,0,0,0.4966063348416289,0.0,128,0.2106666666666666,0,0,0.2198333333333333,2,0.037,0,0,0,0,0,0,0,0,0,0,0,0,0,0,0,yes cutting grass totally important homework.
0,0.2199700947001163,1,0,0.2412112774103724,-0.0236153846153846,129,0.0923076923076923,1,1,0.0746153846153846,2,-0.0474615384615384,0,0,0,0,0,0,0,0,0,0,0,0,0,0,0,good luck tomorrow - youll need it! knock em dead - literally!! masternev
1,0.4444444444444445,0,0,0.3929110105580694,0.0,130,0.097,0,0,0.0553333333333333,2,-0.0025555555555555,0,0,0,0,0,0,0,0,0,0,0,0,0,0,0,read cant believe shes wreck! better put books read.
1,0.3676505879529638,1,0,0.5512820512820512,0.0,131,0.1846666666666666,0,0,0.1996666666666667,2,0.0,0,0,0,0,0,0,0,0,0,0,1,0,0,0,0,love peoplee upload albums places go literally selfies them.
1,0.3244540436765059,0,0,0.253393665158371,0.0,132,0.0,0,0,0.1,2,0.0,0,0,0,0,0,0,0,0,0,0,0,0,0,0,0,throat feels like im working 15 hours today. yiipppppeeee!
0,0.1198704103671706,0,0,0.1586538461538461,0.0,133,0.0,0,1,0.0,1,0.0,0,0,0,0,0,0,0,0,0,0,0,0,0,0,0,david goin around world summer ! tx ha
1,0.2930719388602759,0,0,0.2516533240515141,0.1306923076923077,134,0.057,0,0,0.1676153846153846,2,-0.0463846153846153,0,0,0,0,0,0,0,0,0,0,0,0,0,0,1,think hear encore beach club calling name. pretty sure thats sexy body belongs
1,0.0460763138948884,0,0,0.0384615384615384,0.002,135,0.1756666666666666,0,1,0.15,2,0.0415,0,0,0,0,0,0,0,0,0,0,0,0,0,0,0,totally worth wwenetwork exclusive match! extremerules
0,0.3196544276457884,0,0,0.3461538461538461,0.0,136,0.1692,0,0,0.0,2,0.1798,0,0,0,0,0,0,0,0,0,0,0,0,0,0,0,driving grand cherokee cherokee nation.
0,0.0761829962693893,0,1,0.1474701768819415,0.0,137,0.0,0,0,0.0,2,0.0309090909090909,0,1,0,0,0,0,0,0,0,0,0,0,0,0,0,okay gotcha. wondering. . okay cant far he? apparently is. speak.
1,0.1715519901265041,1,0,0.2453135100193923,0.0,138,0.1381428571428571,0,0,0.1312857142857142,2,0.0,0,0,0,0,0,0,0,0,0,0,0,0,0,0,0,dude literally walking hallway 3 minutes waiting
1,0.1414686825053995,0,0,0.1162330316742081,0.0,139,0.0,0,1,-0.08775,0,-0.11,0,0,0,0,0,0,0,0,0,0,0,0,0,0,0,landlord says noise ten. like what? kids?. yeahright
1,0.2332613390928725,0,0,0.290158371040724,0.0,140,0.225,0,0,0.225,0,-0.0425,0,0,0,0,0,0,0,0,0,0,0,0,0,0,0,guess infection thats cool
0,0.0728170317803147,0,0,0.0804783451842275,0.0075714285714285,141,0.1242857142857142,0,0,0.1285714285714286,2,0.0,1,0,0,0,0,0,0,0,0,0,0,0,0,0,0,listening podcast mindfulness eating salad tweeting facebooking.
1,0.3196544276457884,0,0,0.31406828465652,0.134,142,-0.1572727272727272,1,1,0.0763636363636363,0,0.0,1,0,0,0,0,0,0,0,0,0,0,0,0,0,0,sharing suaju dark house exactly warm welcome - middletown press clairvoyant
1,0.0759024992286331,0,0,0.1289592760180995,0.0556428571428571,143,0.0718571428571428,1,1,0.1277142857142857,2,0.009,0,0,0,0,0,0,0,0,0,0,1,0,0,0,0,dont ya love nice sinus infection? livid blaming weather thankyou dr milligan meds lol
1,0.2170626349892008,0,0,0.2477375565610859,0.0,144,0.10375,1,0,0.2053749999999999,2,0.0,0,0,0,0,0,0,0,0,0,0,0,0,0,0,0,yay cleaning house babysitting bratty kids day ...
0,0.3148548116150708,0,0,0.3552036199095022,-0.0888888888888888,145,0.1,1,0,0.1,0,0.0,0,0,0,0,0,0,0,0,0,0,0,0,0,0,0,. seven deadly sins docuseries set august premiere on.
1,0.3304535637149028,0,0,0.4570135746606334,0.0561666666666666,146,0.0108333333333333,0,0,-0.0156666666666666,0,-0.0699999999999999,1,0,0,0,0,0,1,0,0,0,0,0,0,0,0,know youre old wedding know kids bop version songs theyre playing therealwords
1,0.4762419006479482,0,0,0.481052036199095,-0.005,147,0.020625,0,0,0.0,2,0.0175,0,0,0,0,0,0,0,0,0,0,0,0,0,0,0,hahahaha talk !! way set standards high !
1,0.2270904041962357,0,0,0.4489334195216548,0.1369999999999999,148,0.0,0,0,0.2488571428571428,2,0.1352857142857143,0,0,0,0,0,0,0,0,0,0,0,0,0,0,0,guys designer jeans easily favorite part concert
1,0.4330453563714903,0,0,0.4640837104072398,0.0,149,0.224,0,0,0.338125,2,0.096625,0,0,0,0,0,0,0,0,0,0,0,0,0,0,0,thing ill ever remember great first last impression
1,0.2568230905163951,0,0,0.3294940353763883,-0.007090909090909,150,0.1270909090909091,0,1,0.0922727272727272,2,0.0275454545454545,0,0,0,0,0,1,0,0,0,0,0,0,0,0,0,woke runningsprinting 1h abb workouts litre green tea. best morning ever
1,0.1612670986321094,0,0,0.3099547511312217,-0.1008333333333333,151,-0.0505833333333333,1,1,0.0634166666666666,0,0.0502499999999999,1,0,0,0,0,0,0,0,0,0,0,0,0,0,0,oh ok bf go clubs without me..... hmmmm thats freaking cool. butreally
0,0.0419623572971305,0,0,0.0659340659340659,0.1118571428571428,152,-0.0728571428571428,0,1,-0.1314285714285714,0,0.0,0,1,0,0,0,0,0,0,0,0,0,0,0,0,0,dont ask 4.0 gpa clue booksmart commonsensesmart
1,0.3358531317494601,0,0,0.4259049773755656,-0.01375,153,0.15275,0,1,0.1125,2,0.045375,0,0,0,0,0,0,0,0,0,0,0,0,0,0,0,microwave pretty good beat it... icantdance butthatbeatdoe mrd2kljd0qw
1,0.3700503959683225,0,0,0.4711538461538461,-0.0560833333333333,154,0.0156666666666666,0,0,0.1144999999999999,2,-0.1479166666666666,1,0,0,0,0,0,0,0,0,0,0,0,0,0,0,woman sees man speedosbriefs freak occasion near enough wear belt skirt fair
0,0.7132229421646269,1,0,0.9811463046757164,-0.03,155,0.1293333333333333,0,0,0.1488888888888889,2,0.1672222222222222,1,0,0,0,0,0,0,0,0,0,0,0,0,0,0,good dick good pussy literally make mfs go crazy
0,0.4252459803215743,1,0,0.475867269984917,-0.0122222222222222,156,0.0357777777777777,0,0,0.0,2,0.049,0,0,0,0,0,0,0,0,0,0,0,0,0,0,0,ep kings holding wales. kevin literally fairly good game
0,0.1221845109534094,0,0,0.1095669036845507,-0.1271428571428571,157,0.0114285714285714,1,1,0.1155714285714285,0,-0.0857142857142857,1,0,0,0,0,0,0,0,0,0,0,0,0,0,0,tibetan chinese completely different unique language truetibet
0,0.5788336933045356,0,0,0.4287330316742082,0.0,158,0.2296666666666666,0,1,0.3786666666666667,2,0.083,0,0,0,0,0,0,0,0,0,0,0,0,0,0,0,spend present worrying future future turns presentworrying continues!! times running fast happiness
0,0.3052555795536357,0,0,0.4711538461538461,0.0,159,0.11975,0,1,0.13625,2,-0.1166666666666666,0,0,0,0,0,0,0,0,0,0,0,0,0,0,0,went 155lbs back 126lbs within 5 months. it?? went culinary school... makesperfectsense
1,0.4060475161987041,0,0,0.3721719457013574,0.0,160,0.15,0,0,0.2883333333333333,2,0.0,0,0,0,0,0,0,0,0,0,0,0,0,0,0,0,gonna dinner night light candles lmao
1,0.3052555795536357,0,0,0.3552036199095022,0.0,161,0.0,0,1,0.0,1,0.0,0,0,0,0,0,0,0,0,0,0,0,0,0,0,0,look like bunch scholars headed harvard.
0,0.4862696698549831,0,0,0.5313510019392372,0.0216428571428571,162,0.1515714285714285,1,1,0.1905714285714285,2,0.0259285714285714,0,0,0,0,0,0,0,1,0,0,0,0,0,0,0,never thought could feel damn good glowing independent moving forward looking back released temptations
1,0.4978401727861771,0,0,0.5319570135746606,-0.06125,163,-0.01125,1,1,-0.024625,0,0.0,0,0,0,0,0,0,0,0,0,0,0,0,0,0,0,yay one shift hollister next week. fml broke
1,0.1516678665706743,0,0,0.2043740573152337,-0.1011111111111111,164,-0.1011111111111111,1,1,-0.0933333333333333,0,-0.0988888888888888,1,0,0,0,0,0,0,0,0,0,0,0,0,0,0,duh know youre extremely jealous wish stayed home. ihateyou
0,0.175665946724262,1,0,0.1968325791855203,0.0,165,0.15,0,0,0.15,2,0.0,0,0,0,0,0,0,0,0,0,0,0,0,0,0,0,literally never hair pretty much let
0,0.1360691144708423,0,0,0.2010746606334841,0.0353749999999999,166,0.03525,1,0,-0.1498749999999999,0,-0.0699999999999999,0,0,0,0,0,0,0,0,0,0,0,0,0,0,0,england failed suicide attempt used illegal punishable death.
0,0.1576673866090712,0,0,0.1968325791855203,0.0,167,0.0,0,0,0.0,1,0.0,0,0,0,0,0,0,0,0,0,0,0,0,0,0,0,hmmmmmm rt todays bit
1,0.4245603208886147,0,0,0.4828700711053652,-0.0128571428571428,168,-0.0937142857142857,1,0,0.0095714285714285,2,0.0414285714285714,0,0,0,0,0,0,0,0,0,0,0,0,0,0,0,nice never seen definitive sac fly life
1,0.5603208886146251,0,0,0.8804137039431157,0.0,169,-0.1185714285714285,0,0,0.0,0,0.0,1,0,0,0,0,0,0,0,0,0,0,0,0,0,0,anyone seen video bitch getting hit shovel?
1,0.2620590352771779,0,0,0.3156108597285068,0.0,170,-0.1616666666666666,1,1,-0.2933333333333333,0,-0.1399999999999999,0,0,0,0,0,0,0,0,0,0,0,0,0,0,0,learn! old keep figuring out? ......not
1,0.5284377249820015,0,0,0.6493212669683257,-0.0066666666666666,171,0.1688333333333333,0,0,0.2623333333333333,2,0.1436666666666666,0,0,0,0,0,0,0,0,0,0,0,0,0,0,0,taking bus rain two babies cool
0,0.3484521238300936,0,0,0.4419306184012066,0.0684444444444444,172,-0.2494444444444444,1,0,-0.2433333333333333,0,0.0155555555555555,1,0,0,0,0,0,0,0,0,0,0,0,0,0,0,awkward moment stripper went high school complaining sexism facebook.
1,0.386849052075834,0,0,0.4268476621417798,-0.0666666666666666,173,0.0066666666666666,1,0,0.0955555555555555,2,0.0225555555555555,0,0,0,0,0,0,0,0,0,0,0,0,0,0,0,thanks helping set graduation party... sorry ill miss girls....
1,0.1507952091105439,0,0,0.1505553270259152,-0.0081818181818181,174,0.1096363636363636,0,0,0.0956363636363636,2,0.0817272727272727,0,0,0,0,0,0,0,0,0,0,0,0,0,0,0,well cheers. nice week great weather . footy myself. gud un
0,0.5479790188213515,0,0,0.8658694246929541,0.0,175,0.0,0,1,0.2571428571428572,2,0.0,0,0,0,0,0,0,0,0,0,0,0,0,0,0,0,got hour half go vegas!!! sleep sleep
1,0.4300455963522919,0,0,0.7322775263951734,0.0303333333333333,176,-0.0142222222222222,1,0,0.0011111111111111,0,0.0,1,0,0,0,0,0,0,0,0,0,0,0,0,0,0,starting get pressure ita amazing 5th guy ice brings
1,0.2702869484726936,0,0,0.2792501616031028,0.0,177,0.0,0,0,0.1359999999999999,2,0.1235714285714285,0,0,0,0,0,0,0,0,0,0,0,0,0,0,1,found today half christian faith class satanists
1,0.0975007713668621,0,0,0.0901745313510019,0.0,178,0.1315714285714286,0,1,0.1367142857142857,2,0.1277142857142857,0,0,0,0,0,0,0,0,0,0,0,0,0,0,0,wonder anyone watching station tonight? 24isonfox25 imwatchingsports
0,0.2116630669546436,0,0,0.2505656108597285,0.0,179,0.0,0,1,0.0,0,-0.0691666666666666,0,0,0,0,0,0,0,0,0,0,0,0,0,0,0,tweeps talking isht tweeps theyve never even met disaster strikes tunajidai weareone.
0,0.3916486681065515,0,0,0.4485294117647058,-0.09,180,-0.0233333333333333,1,0,-0.1623333333333333,2,0.0636666666666666,0,0,0,0,0,0,0,0,0,0,0,0,0,0,0,good know strict gun laws helping protect people keep general public safe...
1,0.1900647948164147,0,0,0.1586538461538461,0.0,181,0.0,0,1,0.015,0,-0.105,0,0,0,0,0,0,0,0,1,0,0,0,0,0,0,oh hey insomnia. havent missed thanks coming back.
1,0.1036717062634989,0,0,0.1871363930187459,0.1338571428571428,182,0.0,0,1,0.2322857142857142,2,0.0,0,0,0,0,0,0,0,0,0,0,0,0,0,0,0,maybe one year florida win cws... haha
1,0.2702869484726936,0,0,0.3034906270200387,-0.03,183,0.0367142857142857,0,0,0.1804285714285714,2,0.1751428571428571,0,0,0,0,0,0,0,0,0,0,0,0,0,0,0,⁠⁠if find hard laugh would happy you.⁠⁠
0,0.5452363810895128,1,0,0.555052790346908,-0.0122222222222222,184,0.1357777777777777,0,0,0.0133333333333333,2,-0.053,0,0,0,0,0,0,0,0,1,0,0,0,0,0,0,ashtons solo dont stop literally gives chills good type
1,-0.0151187904967602,0,0,0.0016968325791855,0.12975,185,-0.16,0,0,-0.1875,0,0.0,1,0,0,0,0,0,0,0,0,0,0,0,0,0,0,roy hibbert supposedly dpoy....
1,0.1979187119575888,0,0,0.1628959276018099,0.0682727272727272,186,-0.0881818181818181,1,1,-0.0237272727272727,0,0.0,0,0,0,0,0,0,0,0,0,0,0,0,0,0,0,realised wrote final accounting exam opened textbook twice entire semester badass
0,0.0471839175942847,0,0,0.0558649495301079,0.0,187,0.0,0,1,0.0692307692307692,2,0.0,0,0,0,0,0,0,0,1,0,0,0,0,0,0,0,new song soundcloud w migosatl... justinbieberfoto iciashappy musica justinbieber 2014 instagram justinbieberfoto ...
0,0.3432161790693108,0,0,0.2554504319210202,0.079,188,0.0793636363636363,0,1,0.0452727272727272,2,-0.0016363636363636,0,0,0,0,0,0,0,0,0,0,0,0,0,0,0,livid oh noooooo one tso - hope feel better soon xxx
0,0.0172786177105831,0,0,0.0497737556561086,0.0,189,0.3166666666666666,0,0,0.312,2,0.0,0,0,0,0,0,0,0,0,0,0,0,0,0,0,0,epic freakouts best!!!
1,0.3690219068188831,0,0,0.5071105365223012,0.0829999999999999,190,0.0504285714285714,0,0,-0.0289999999999999,0,0.0917142857142857,0,0,0,0,0,0,0,0,0,0,0,0,0,0,0,social anxiety fun! get alone long disturbances!
0,0.20667885030736,0,0,0.1916115558649495,0.0,191,0.0693076923076923,0,1,0.0732307692307692,2,0.0053076923076923,0,0,0,0,0,0,0,0,0,0,0,0,0,0,0,savewras mt feel like sherman’s gpb army 100000 strong - bearing town collegeradio
0,0.252896131945808,1,0,0.2924722336487042,-0.01,192,0.111090909090909,0,0,0.1666363636363636,2,0.1138181818181818,0,0,0,0,1,0,0,0,0,0,0,0,0,0,0,spend literally 10-15 trying think say something someone im good conversation
1,0.4767327704692716,0,0,0.4868366927190456,0.0,193,-0.0088181818181818,1,0,-0.0438181818181818,0,-0.0827272727272727,0,0,0,0,0,0,0,0,0,0,0,0,0,0,0,slumped way first place nl east. battles always fought better hill..
0,0.3520518358531318,1,0,0.4230769230769231,0.0573333333333333,194,-0.0047499999999999,1,0,0.0696666666666666,2,-0.0430833333333333,0,0,0,0,0,0,0,0,0,0,0,0,0,0,0,cant breathe look good link looks hhhhhhhhhhhhh literally throws im buyin wiiu
1,0.2062634989200864,0,0,0.1586538461538461,0.063625,195,0.11875,0,0,0.154,0,-0.10375,1,0,0,0,0,0,0,0,0,0,0,0,0,0,0,continuous deployment something people do. brute force thing
1,0.3974082073434126,0,0,0.4751131221719457,0.0611,196,-0.059,0,1,0.022,0,0.0,0,0,0,0,0,0,0,0,0,0,0,0,0,0,0,peeling like snake 2 weeks getting burnt?! moisturiser working paininthearse
1,0.4146868250539957,0,0,0.3461538461538461,0.0,197,-0.0097999999999999,1,0,-0.0983,0,-0.0839999999999999,0,0,0,0,0,0,0,0,0,0,0,0,0,0,0,calls maya angelou talentless hack rambling piece number grammatical errors.
1,0.7948164146868251,0,0,0.994343891402715,-0.055,198,0.161,0,0,0.0,2,0.1815,0,0,0,0,0,0,0,0,0,0,0,0,0,0,0,good talk
1,0.5418080839247146,0,0,0.7252747252747253,0.2655714285714285,199,0.387,0,0,0.1285714285714286,2,0.0,0,0,0,0,0,0,0,0,0,0,0,0,0,0,0,family get 1000 questions hanging guy cool
0,0.3628509719222463,0,0,0.7058823529411764,-0.065,200,-0.0166666666666666,1,1,-0.1383333333333333,0,0.0356666666666666,0,0,0,0,0,0,0,0,0,0,0,0,0,0,0,pot meet kettle look word moron.
0,0.2214804633811113,0,0,0.218428630193336,0.1544545454545454,201,0.1060909090909091,0,0,0.2409090909090909,2,0.0747272727272727,0,0,0,0,0,0,0,0,0,0,0,0,0,0,0,sure breed interested 36 pure ongole bull even quoted rs.25 lakh
0,0.0879638719811506,0,1,0.1073632250102838,0.0,202,-0.1036363636363636,1,1,-0.0890909090909091,0,0.0,1,0,0,0,0,0,0,0,0,0,0,0,0,0,0,people sight-seeing speak. avoid area please do. fewer people better. nanow
0,0.1701279282272803,0,1,0.2098851374869474,0.0553076923076923,203,-0.0455384615384615,0,1,0.0653846153846153,2,-0.0282307692307692,1,0,0,0,0,0,0,0,0,0,0,0,0,0,0,combat really good digestive protein. thats ive stuck them. im freeagent speak haha
0,0.2116630669546436,0,0,0.1940045248868778,0.032,204,0.066,1,1,-0.0715833333333333,0,0.0228333333333333,0,0,0,0,0,0,0,0,0,0,0,0,0,0,0,wthat quote many times sadly enuf age 4get old r. case arent.
0,0.2872570194384449,0,1,0.2562217194570135,0.0,205,0.0,0,0,0.0,1,0.0,0,0,0,0,0,0,0,0,0,0,0,0,0,0,0,hah! well done then. - last wordlaugh speak.
0,0.3694965941186244,0,0,0.4500522102332057,-0.0607692307692307,206,0.0692307692307692,1,0,-0.003076923076923,0,0.0,0,0,0,0,0,0,0,0,0,0,0,0,0,0,0,claps dad finally got texts begging picked up. ive back home 5 hrs
1,0.3466522678185745,0,0,0.3834841628959275,-0.05125,207,0.15525,1,0,0.2465,2,0.2565,0,0,0,0,0,0,0,0,0,0,0,0,0,0,0,worrying base faith humanity shows predicated humiliation others.
1,0.449244060475162,0,0,0.6574014221073045,0.0,208,0.1285714285714286,0,0,0.1285714285714286,2,0.0,0,0,0,0,0,0,0,0,0,0,0,0,0,0,0,saw billboard today said keep eyes road.
1,0.2537228600659316,0,0,0.2861395570373898,0.0525263157894736,209,-0.1052631578947368,1,0,-0.0931578947368421,0,0.0,1,0,0,0,0,0,0,0,0,0,0,0,0,0,0,gutted result tonight .. hate losing nippers like that! least weve got 3 half hour drive tomorrow brighton! !
0,0.1252699784017278,0,0,0.1544117647058823,0.0,210,0.1125,0,1,0.118,2,-0.105,0,0,0,0,0,0,0,0,0,0,0,0,0,0,0,old skool rb blaring speakers im cool haha
0,0.3314353033575496,0,0,0.4590703414232825,-0.01,211,-0.0589090909090909,1,1,-0.0136363636363636,2,0.1054545454545454,0,0,0,0,0,0,0,0,0,0,0,0,0,0,0,jordan cant even find clothes wut thats know good night hahaha
1,0.115190784737221,0,0,0.1809954751131221,-0.008,212,0.1219333333333333,0,0,0.3422666666666666,2,0.0184,0,0,0,0,0,0,0,0,0,0,0,0,0,0,0,wow didnt realize hungry friend asked eaten anything yet thanks much jaypee thank u lol
0,0.4126931383950822,1,0,0.439610163592064,0.0647692307692307,213,0.143076923076923,0,0,0.1279230769230769,2,-0.0397692307692307,0,0,0,0,0,0,0,1,0,0,0,0,0,0,0,literally soooo close finishing new single excited show everyone... good music month already
1,0.1228701703863691,0,0,0.1214177978883861,-0.02,214,-0.0244444444444444,1,1,-0.0311111111111111,0,0.0,0,0,0,0,0,0,0,0,1,0,0,0,0,0,0,dear davincisdemons spoileralert congrats elevating cliff hanger kill hanger.
1,0.1540676745860331,0,0,0.2760180995475113,0.0,215,0.0,0,0,0.0,1,0.0,0,0,0,0,0,0,0,0,0,0,0,0,0,0,0,world totally needs ben stiller movies…
0,0.2494600431965442,0,0,0.2774321266968326,0.104,216,0.090375,1,1,-0.0125,0,-0.005,1,0,0,0,0,0,0,0,0,0,0,0,0,0,0,almost bough american telecaster today.. close .. yet
1,0.3304535637149028,0,0,0.5192307692307692,-0.02125,217,0.0,1,0,-0.0975,0,-0.105,0,0,0,0,0,0,0,0,0,0,0,0,0,0,0,cant wait see dumb pictures vacay posted fb
1,0.2332613390928725,0,0,0.3174962292609351,0.0,218,-0.2155555555555555,1,1,-0.2177777777777777,0,0.0,0,0,0,0,0,0,0,0,0,0,0,0,0,0,0,mass shootings stopped civilians past 30 years....0. onemore nowaynra
0,0.3311735061195105,0,0,0.3823529411764705,-0.0566666666666666,219,0.1104666666666666,1,1,0.1706,2,0.0294666666666666,1,0,0,0,0,0,0,0,0,0,0,0,0,0,0,bed hope sleep! nowt mrs b wanting body cycling excites me! promise last big ride
0,0.1727861771058315,0,0,0.3190045248868778,-0.017,220,0.1649999999999999,1,1,0.2433999999999999,2,0.0,0,0,0,0,0,0,0,0,0,0,0,0,0,0,0,id die chose hero girl! may much heart handle! lol
1,0.1414686825053995,0,0,0.1925904977375565,0.0,221,0.0,0,0,-0.0975,0,-0.105,0,0,0,0,0,0,0,0,0,0,0,0,0,0,0,watching old episode goodtimes talking educating kidsteens sex.
0,0.3235813862163755,1,0,0.5053475935828877,-0.01,222,-0.1343636363636363,1,0,-0.16,0,-0.0433636363636363,1,0,0,0,0,0,0,0,1,0,0,0,0,0,0,really stop forgetting clontarf literally 10 seconds house fuck good looking.
1,0.0982721382289417,0,0,0.1459276018099547,0.0816249999999999,223,-0.07875,1,0,0.0112499999999999,0,0.0,0,0,0,0,0,0,0,0,0,0,0,0,0,0,0,whats funny me? professional actors complain people honest.
1,0.2476601871850252,0,0,0.2477375565610859,-0.1233333333333333,224,-0.12,1,1,0.005,0,0.0,0,0,0,0,0,0,0,1,0,0,0,0,0,0,0,hes upset acc branded new logo…not
0,0.1252699784017278,0,0,0.251131221719457,0.1786,225,0.0762,0,1,0.3346,2,-0.005,0,0,0,0,0,0,0,0,0,0,1,0,0,0,0,love favourite peta tweet man retweets time!! steak bacon lol
1,0.1228701703863691,0,0,0.1176470588235294,0.0,226,0.0491111111111111,0,1,0.0944444444444444,0,-0.1033333333333333,1,0,0,0,0,0,0,0,0,0,0,0,0,0,0,story.a… poker game among town leaders busted arrested. hypocrisy
1,0.4794816414686825,0,0,0.8042986425339366,-0.011,227,0.09,1,0,0.17,2,0.0,0,0,0,0,0,0,0,0,0,0,0,0,0,0,0,funny get tired lay bed stay late cause cant sleep.
0,0.6652267818574514,0,1,0.7907239819004525,-0.01375,228,0.04025,0,0,0.0,2,0.045375,0,0,0,0,0,0,0,0,0,0,0,0,0,0,0,bet. well good see kicking speak. take easy.
1,0.1828653707703383,1,0,0.3947963800904978,-0.0054166666666666,229,0.0276666666666666,0,0,0.0033333333333333,0,-0.0414166666666666,1,0,0,0,0,0,0,0,0,0,0,0,0,0,0,nash literally many good fucking photos chose ugly ass icon im sleep
0,0.2937365010799136,0,0,0.3088235294117647,0.0,230,0.0849999999999999,0,0,0.0791,2,0.0934,0,0,0,0,0,0,0,0,0,0,0,0,0,0,0,u tooa u pretty u someones pic making fun person.
1,0.1861378362458276,0,0,0.2215137803373097,0.0,231,0.0834545454545454,0,1,0.09,2,0.0,0,0,0,0,0,0,0,0,0,0,0,0,0,0,0,2 unionists carol fox scotnight? discussing indyref fairness regulations coming tomorrow.
0,0.3153347732181426,1,0,0.3936651583710407,0.0493,232,0.21,1,0,0.2694,2,0.0363,0,0,0,0,0,0,0,0,0,0,0,0,0,0,0,world cup literally 4 years wait good luck saying haha
0,0.3023758099352052,0,0,0.3936651583710407,-0.012,233,0.058,1,1,0.1597,0,0.0817,1,0,0,0,0,0,0,0,0,0,0,0,0,0,0,denial proverbial egyptian river. help addict life get water. -22d
0,0.4870410367170627,0,0,0.5955882352941176,0.0213125,234,0.204875,0,1,0.146125,2,0.0333124999999999,0,0,0,0,0,0,1,0,0,0,0,0,0,0,0,best friend gets married today. let us rejoice celebration man woman coming together form one bestmanproblems
1,0.505939524838013,0,0,0.5319570135746606,-0.035,235,0.0860625,0,0,0.14125,2,0.0636875,1,0,0,0,0,0,0,0,0,0,0,0,0,0,0,finally see true colors im glad cause youre one people im happy cut ties enjoy life
1,0.1295896328293736,0,0,0.1425339366515837,0.0829999999999999,236,0.0733,0,1,0.1039,2,-0.0849999999999999,1,0,0,0,0,0,0,0,0,0,0,0,0,0,0,hate twitter psychs saying like 5 favorites reality 4. thanksfortheegoboost
0,0.214748534402962,0,0,0.2501616031027796,0.0485,237,-0.0462857142857142,1,0,0.054,2,0.0259285714285714,0,0,0,0,0,0,0,0,0,1,0,0,0,0,0,flipping thru channels 430am stumble across convicting episode sid science kid sleep good you.
0,0.1198704103671706,0,0,0.2477375565610859,0.00575,238,-0.00875,0,1,-0.00375,0,-0.00625,1,0,0,0,0,0,0,0,0,0,0,0,0,0,0,seen com ♙ since. maritime ➜ monstermmorpg 2nd
0,0.3903396819163559,0,0,0.3171534348004936,0.0,239,0.2231818181818181,0,0,0.2590909090909091,2,-0.17,0,0,0,0,0,0,0,0,0,0,0,0,0,0,0,lol tweeted tal sings better adele today adele fan account followed
1,0.2937365010799136,0,0,0.2375565610859728,0.0,240,-0.0708,1,0,-0.18,0,0.0,0,0,0,0,0,0,0,0,0,0,0,0,0,0,0,sound argument original content. sharing.
0,0.3952483801295897,0,1,0.4259049773755656,-0.01375,241,0.04025,0,0,0.2155,2,0.045375,0,0,0,0,0,0,0,1,0,0,0,0,0,0,0,lol always good find new source tap. speak
1,0.1684665226781857,0,0,0.2222850678733031,0.065375,242,-0.081625,0,0,-0.075125,0,-0.105,1,0,0,0,0,0,0,0,0,0,0,0,0,0,0,wife funny door knob. well err fucked mum.
0,0.5418080839247146,0,0,0.4053005817711699,0.0,243,0.2144285714285714,0,0,0.2338571428571428,2,0.0,1,0,0,0,0,0,0,0,0,0,0,0,0,0,0,dopey dee carried sign saying end sectarianism
1,0.6040316774658028,0,0,0.8416289592760181,-0.0775,244,-0.0666666666666666,1,1,0.0073333333333333,2,0.0625,1,0,0,0,0,1,0,0,0,0,0,0,0,0,0,going bag every intention getting fruit getting distracted find chocolate bar dietsgoingwell
1,0.5238562733163165,0,0,0.6287535993418346,0.0562727272727272,245,0.1385454545454545,0,0,0.1164545454545454,2,0.0973636363636363,1,0,0,0,0,0,0,0,0,0,0,0,0,0,0,hell decides cut grass 830am ? cheers mate great way wake
0,0.334053275737941,1,0,0.295814479638009,-0.01,246,0.036,0,0,0.01125,2,0.01875,0,0,0,0,0,0,0,0,0,0,0,0,0,0,0,literally tonight best night ever !!! pretty little lairs back !!!!!! aahhhhhh
1,0.3700503959683225,0,0,0.3947963800904978,-0.0033333333333333,247,0.01375,0,0,0.1436666666666666,2,0.0116666666666666,0,0,0,0,0,0,0,0,0,0,0,0,0,0,0,well officially say got one b high school. thanks mr. quinlan haha
1,0.228461723062155,0,0,0.306184012066365,0.0,248,0.0846666666666666,0,1,0.0996666666666666,2,0.0,0,0,0,0,0,0,0,0,0,0,1,0,0,0,0,love people post quotes nicki minaj lil wayne quotes
0,0.4348452123830094,0,1,0.4881221719457013,0.0,249,0.008,0,0,0.0028333333333333,2,0.0,0,0,0,0,0,0,0,0,0,0,0,0,0,0,0,follow dfid fell lap speak! see anything else ill let know -
1,0.4183893859919779,0,0,0.7349709114414996,0.0,250,0.0,0,0,0.0,1,0.0,0,0,0,0,0,0,0,0,0,0,0,0,0,0,0,said guess whos getting text said me?
0,0.2764578833693304,0,0,0.3740573152337857,-0.0444444444444444,251,0.1648888888888889,1,1,0.0965555555555555,2,-0.0564444444444444,0,0,0,0,0,0,0,0,0,0,0,0,0,0,0,anyone swim? got pool backyard inflated today! southcountyproblems swimming
0,0.3052555795536357,0,1,0.3099547511312217,0.0,252,0.0,0,0,0.0,1,0.0,0,0,0,0,0,0,0,0,0,0,0,0,0,0,0,think wife always pretty hands speak
0,0.4114470842332614,1,0,0.4895361990950226,-0.01375,253,-0.0784999999999999,0,0,-0.0925,0,0.045375,1,0,0,0,0,0,0,0,0,0,0,0,0,0,0,good thing literally never watch tvfilm sober part
1,0.256521016780196,0,0,0.2882004872955099,0.0,254,0.0692307692307692,0,1,0.0338461538461538,0,0.0,0,0,0,0,0,0,0,0,0,0,0,0,0,0,0,wasnt even 10 kid already pooped pool. oh first headguard shift summer score
0,0.3353622619281367,0,1,0.3233237350884409,-0.01,255,0.111090909090909,0,0,0.0818181818181818,2,0.033,0,0,0,0,0,0,0,0,0,0,0,0,0,0,0,yes didnt think looked like office. looking good sunday pumped speak
1,0.6112311015118791,0,0,0.8458710407239819,0.0857499999999999,256,-0.055875,0,1,0.0276249999999999,2,0.18125,0,0,0,0,0,0,0,0,0,0,0,0,0,0,0,going go freezing cold shower hopefully wake hatethecold
0,0.1036717062634989,0,0,0.1628959276018099,-0.38,257,-0.1843333333333333,1,0,-0.1129999999999999,0,0.102,0,0,0,0,0,0,0,0,0,0,0,0,0,0,0,rude happy office.
0,0.2368610511159107,0,0,0.3269230769230769,0.0,258,-0.0141666666666666,0,1,0.15275,2,0.0740833333333333,1,0,0,0,0,0,0,0,0,0,0,0,0,0,0,always find bizarre proclaimed investors spend time watching tick-by-tick action day-traders. funny
1,0.2548596112311015,0,0,0.2929864253393665,-0.0283333333333333,259,-0.0249999999999999,1,1,0.2485,2,0.1523333333333333,0,0,0,0,0,0,0,0,0,0,0,0,0,0,0,ironic would die living room? quote
0,0.517638588912887,1,0,0.4852941176470588,0.03425,260,0.1283333333333333,0,0,0.0691666666666666,2,0.0706666666666666,0,0,0,0,0,0,0,0,0,0,0,0,0,0,0,think hilarious people like taken best theyve together like literally 1 day
1,0.1828653707703383,1,0,0.2222850678733031,-0.0091666666666666,261,0.0268333333333333,0,0,-0.065,0,-0.03975,0,0,0,0,0,0,0,0,0,0,0,0,0,0,0,literally searched ashton5sos ashton5sos youre good enough came up. thats fucked up.
1,0.2197624190064795,0,0,0.3283371040723982,-0.0164999999999999,262,-0.0968749999999999,1,0,-0.150625,0,-0.105,1,0,0,0,0,0,0,0,0,0,0,0,0,0,0,ah bus. else see discarded press nails 14 year old hickey prison tattoo? gonna miss it.
0,0.2332613390928725,0,0,0.3699095022624434,0.0728999999999999,263,0.1621,0,0,0.039,2,0.0794,1,0,0,0,0,0,0,0,0,0,0,0,0,0,0,pray every night forgiveness sins known unknown perfect know jesus
1,0.3258253625424252,0,0,0.3713639301874595,0.0,264,0.4467142857142857,0,0,0.495,2,-0.1028571428571428,0,0,0,0,0,0,0,1,0,0,1,0,0,0,0,love waking hot dragging nap caffeine withdrawal.
1,0.0532757379409647,0,0,0.0837104072398189,0.1531666666666666,265,-0.1483333333333333,0,1,-0.1166666666666666,0,0.0,1,0,0,0,0,0,0,0,0,0,0,0,0,0,0,veggies really satifying food craving bringmeicecream
0,0.3988480921526279,1,0,0.417420814479638,-0.18,266,-0.0785,1,0,0.1158333333333333,0,0.1038333333333333,1,0,0,0,0,0,0,0,0,0,0,0,0,0,0,gg relating literally crying right hilarious
1,0.3052555795536357,0,0,0.4042232277526394,0.0,267,0.0,0,1,0.0,1,0.0,0,0,0,0,0,0,0,0,0,0,0,0,0,0,0,really wish could say getting license monday. gottawait september
0,0.2278617710583153,1,0,0.2604638009049774,-0.25375,268,0.15275,1,0,-0.0087499999999999,0,-0.077125,0,0,0,0,0,0,0,0,0,0,0,0,0,0,0,thats0kaylin literally laughed header good two minutes omg
1,0.3736501079913607,0,0,0.332579185520362,0.2415,269,-0.17,0,1,-0.02175,0,0.242,0,0,0,0,0,0,0,0,0,0,0,0,0,0,0,jump cold water. soentertaining
0,0.7804175665946725,0,1,1.328054298642534,0.0,270,0.3166666666666666,0,0,0.312,2,0.0,0,0,0,0,0,0,0,0,0,0,0,0,0,0,0,going big speak
0,0.1372690184785217,0,0,0.1327300150829562,0.0,271,0.1045555555555555,0,1,0.1061111111111111,2,0.0,0,1,0,0,0,0,0,0,0,0,0,0,0,0,0,ask questions answer yourself? youreontheinternet autodidactism igiveyoupermissiontolearn anarchism googlethatshit
0,0.3801295896328294,0,0,0.5769230769230769,0.0,272,0.2164,0,0,0.2514,2,0.2304,0,0,0,0,0,0,0,0,0,0,0,0,0,0,0,amount fun weekend going charts!
1,0.2980561555075594,0,0,0.3834841628959275,0.119,273,0.323,0,1,0.208875,2,0.0,0,0,0,0,0,0,0,0,0,0,0,0,0,0,0,talk collection earth mothers trying chill teenagers. cool
0,0.6220302375809935,1,0,0.6889140271493213,0.0995,274,0.04025,0,0,0.1065,2,0.045375,0,0,0,0,0,0,0,0,0,0,0,0,0,0,0,im good question im sure literally got drive
1,0.4824721714570527,0,0,0.4161155586494953,-0.033076923076923,275,0.1205384615384615,1,1,0.039076923076923,2,0.0075384615384615,0,0,0,0,0,0,0,0,0,0,0,0,0,0,0,day made 1000x better stalker said mercy oh my... walked past today goaway
1,0.3724502039836813,0,0,0.332579185520362,0.0,276,0.0,0,0,0.0,1,0.0,0,0,0,0,0,0,0,0,0,0,0,0,0,0,0,suggests head straight yet another tiebreak. lets this.. again.
0,0.4296092676222266,0,0,0.4035376388317565,0.0903636363636363,277,0.1636363636363636,0,0,0.2355454545454545,2,0.0849090909090909,0,0,0,0,0,0,0,0,0,0,0,0,0,0,0,seven full days working row... work another seven row. life fun
1,0.2462203023758099,0,0,0.3733031674208144,0.0,278,0.09,0,1,0.09,2,0.0,0,0,0,0,0,0,0,0,0,0,0,0,0,0,0,found scratched table. classy think odds theyre still together?… norupphhw
0,0.4531710190457492,0,1,0.5331139448786507,-0.019090909090909,279,0.1120909090909091,0,0,0.151,2,0.0548181818181818,0,0,0,0,0,0,0,0,0,0,0,0,0,0,0,lol.. deep cheering h would say it.. get ball rolling speak
1,0.2524598032157428,0,0,0.1892911010558069,0.2028888888888889,280,-0.0398888888888888,0,1,-0.0037777777777777,2,0.0,0,0,0,0,0,0,0,0,0,0,0,0,0,0,0,security night cold seem super legit. hats say security.
1,0.1684665226781857,0,0,0.1628959276018099,0.1085,281,0.0121249999999999,0,1,-0.11625,0,0.0,0,0,0,1,0,0,0,0,0,0,0,0,0,0,0,wise move without allergy medicines 2 days... feelinglikecrap
1,0.1743569605340663,0,0,0.2461949814890991,0.0,282,0.0756363636363636,0,1,0.1633636363636363,2,0.0,1,0,0,0,0,0,0,0,0,0,1,0,0,0,0,love fact im college dad stays till 330 waiting bitch me!
1,0.6306695464362851,0,0,0.665158371040724,0.0,283,0.012,0,0,0.0179999999999999,0,0.0,1,0,0,0,0,0,0,0,0,0,0,0,0,0,0,lost connection phone call oh
1,0.1003488951653098,0,0,0.1576749042812391,0.0543846153846153,284,-0.153076923076923,0,0,-0.0038461538461538,0,0.0722307692307692,1,0,0,0,0,0,0,0,0,0,0,0,0,0,0,anyone else c irony n fact racism obamas contribute 2 obesity children haters?
1,0.3714902807775378,0,0,0.4852941176470588,-0.011,285,0.1222,0,0,0.09,2,0.0363,0,0,0,0,0,0,0,0,0,0,0,0,0,0,0,lets chase tails bit longer. maybe something good comes it.
0,0.1216702663786897,1,0,0.17420814479638,0.0,286,0.0,0,0,0.0,1,0.0,0,0,0,0,0,0,0,0,0,0,0,0,0,0,0,pretty little liars? literally im barely episode one watching netflix pretty good.
1,0.1954643628509719,0,0,0.2731900452488688,0.0,287,-0.0087499999999999,1,1,-0.0099999999999999,0,0.0,0,0,0,0,0,0,0,0,0,0,0,0,0,0,0,currently witnessing girl throwing college arms toilets classy
1,0.0676745860331173,0,0,0.0158371040723981,0.0,288,0.15,0,1,0.15,2,0.0,0,0,0,0,0,0,0,0,0,0,0,0,0,0,0,im walking warwick st mont godhashumour
1,0.5932325413966884,0,0,0.8076923076923077,0.0,289,0.254,0,0,0.5990000000000001,2,0.0,0,0,0,0,0,0,0,0,0,0,1,0,0,0,0,love working assholes.
0,0.3196544276457884,1,0,0.4079939668174961,-0.0122222222222222,290,0.0357777777777777,0,0,0.0,2,0.0403333333333333,0,0,0,0,0,0,0,0,0,0,0,0,0,0,0,end watch really good movie .. literally cried .
0,0.399401894002326,1,0,0.5388096066829098,-0.0215384615384615,291,0.094,1,0,0.0692307692307692,2,0.0279230769230769,0,0,0,0,0,0,0,0,0,0,0,0,0,0,0,sense one last absolutely mad night magaluf!! literally cant wait going good night!
0,0.2270904041962357,1,0,0.3277310924369748,-0.0635714285714285,292,0.0475,1,1,0.1329999999999999,2,-0.1185714285714285,1,0,0,0,0,0,0,1,0,0,0,0,0,0,0,constantly refreshing youtube waiting new video come out... literally cannot deal hurry scomiche superfruit
0,0.1272334576870214,0,0,0.1289592760180995,0.0,293,0.1485454545454545,0,1,0.3770909090909091,2,-0.009090909090909,0,0,0,0,0,0,0,0,0,0,0,0,0,0,0,nhl tv! reruns thanks real hockey fan fantastic nhlblackhawks vs nhlkings
1,0.4276457883369331,0,0,0.6592194570135747,0.07875,294,-0.1,0,1,-0.12875,0,-0.00375,1,0,0,0,0,0,0,0,0,0,0,0,0,0,0,silent 7 last word really got contestant 7
1,0.4307312557852515,0,0,0.4731738849385908,0.0,295,0.0,0,1,0.0,0,-0.0242857142857142,0,0,0,0,0,0,0,0,0,0,0,0,0,0,0,lightning delays jammed fingers make happy.. softballprobs
1,0.2428605711543076,0,0,0.4343891402714932,0.0,296,0.0846666666666666,0,1,0.0996666666666666,2,0.0,0,0,0,0,0,0,0,0,0,0,1,0,0,0,0,love phone goes 91 56 half hour. iphoneproblems iphone
1,0.1665030433928921,0,0,0.2030028794734676,0.0,297,0.0692727272727272,0,1,0.1663636363636363,2,0.0962727272727272,0,0,0,0,1,0,0,0,0,0,1,0,0,0,0,love job much like spend saturday there. dq dqswag ihatemylife nr4lkedc8i
0,0.4691809270642965,0,0,0.4500522102332057,-0.0176923076923076,298,0.023076923076923,0,1,0.0503846153846153,2,0.0533846153846153,0,0,0,0,0,0,0,0,0,0,0,0,0,0,0,wish would make lyric video lil jons turn words oh hard remember. liljon
0,0.1511879049676026,0,0,0.1934389140271493,0.1629999999999999,299,0.1109999999999999,0,1,-0.0209999999999999,0,0.0,1,0,0,0,0,0,0,0,0,0,0,0,0,0,0,secretive gathering rich powerful bilderberg2014 actually privacy exist? agenda 2014may…
1,0.4060475161987041,0,0,0.3288084464555053,-0.0687777777777777,300,0.1838888888888888,1,1,0.0711111111111111,2,0.03,1,0,0,0,0,0,0,0,0,0,0,0,0,0,0,could power hot air balloon hot air bored supermario
0,0.281257499400048,0,0,0.3250377073906486,0.0,301,0.0055555555555555,0,0,0.0166666666666666,0,0.0,1,0,0,0,0,0,0,0,0,0,0,0,0,0,0,bowling sports day scoreboard jay bad first timer hihi
0,0.519438444924406,0,0,0.7483031674208145,-0.00625,302,-0.015,0,1,0.1,0,0.0,1,0,0,0,0,0,0,0,0,0,0,0,0,0,0,seeing rapunzels results made jaw dropped.lol.slap myself. dream
1,0.449244060475162,0,0,0.6549773755656109,-0.0691666666666666,303,-0.08,1,0,0.1773333333333333,2,0.0,1,1,0,0,0,0,0,0,0,0,0,0,0,0,1,called ask water working burst water mains helps lot two children 3
0,0.0892728581713463,1,0,0.0610859728506787,0.0,304,0.0,0,0,0.0,1,0.0,0,0,0,0,0,0,0,0,0,0,0,0,0,0,0,literally everything waiting
0,0.2456032088861462,0,0,0.3228829993535875,0.1085714285714285,305,0.1075714285714285,0,0,0.0062857142857142,2,-0.12,0,0,0,0,0,0,0,0,0,0,0,0,0,0,0,found phone ourse pocket dumb really lol
1,0.3566800370256094,0,0,0.2404654169360051,0.0,306,-0.1385714285714285,1,0,-0.1399999999999999,0,0.0,0,0,0,0,0,0,0,0,0,0,0,1,0,0,0,guy punched face drivers ed driving partner...
0,0.1598272138228941,0,0,0.1934389140271493,-0.009,307,0.1247,0,1,0.0989,2,-0.0534,0,0,0,0,0,0,0,0,0,0,0,0,0,0,0,too. nice watch film immerses change. cabin woods next... properman
0,0.1987041036717062,0,1,0.2104072398190045,0.0,308,0.0283999999999999,0,0,0.0,2,0.0324,0,0,0,0,0,0,0,0,0,0,0,0,0,0,0,popping cherry speak tonight kate
1,0.6508279337652988,0,0,0.745475113122172,0.0,309,0.0,0,0,0.0,1,0.0,0,0,0,0,0,0,0,0,0,0,0,0,0,0,0,make feelings known little obviously please.
1,0.5831533477321814,0,0,0.7160633484162896,0.0,310,-0.097,1,1,-0.176,0,-0.0839999999999999,0,0,0,0,0,0,0,0,0,0,0,0,0,0,0,well monday back nothing gets jacked like get 4am. yes
0,0.4924406047516199,0,0,0.7586726998491704,-0.0144444444444444,311,0.1955555555555555,0,1,0.1993333333333333,2,0.0288888888888888,0,0,0,0,0,0,0,0,0,0,1,0,0,0,0,love mom come pick anytime take work!!! love clearlyimanadult
1,0.1084713222942164,0,0,0.1025641025641025,0.0,312,0.1001111111111111,0,1,0.0657777777777777,2,-0.0822222222222222,0,0,0,0,0,0,0,0,0,0,0,0,0,0,0,. use vote elect gunsense candidates. momsvote onemore uniteblue
0,0.367170626349892,1,0,0.4785067873303167,-0.028,313,0.0322,1,0,0.0,0,0.0363,0,0,0,0,0,0,0,0,0,0,0,0,0,0,0,done college good 8 days literally cannot wait start summer
0,0.2136265462399372,0,0,0.227684080625257,0.0854545454545454,314,-0.079090909090909,0,0,-0.059090909090909,0,0.0053636363636363,1,0,0,0,0,0,0,0,0,0,0,0,0,0,0,hard differentiate iii ill byus map bfa illustration bc used sans-serif
1,0.1350873748281955,0,0,0.1875771287535993,0.0644545454545454,315,0.0093636363636363,0,0,0.1578181818181818,2,0.0152727272727272,0,0,0,0,0,0,0,0,0,1,0,0,0,0,0,uncovering science comic book guy would say best. article. ever. via
1,0.0820734341252699,0,0,0.1018099547511312,-0.03,316,0.1225,0,1,0.2502,2,0.1457999999999999,0,0,0,0,0,0,0,0,0,0,0,0,0,0,0,glad classmates behave adequately public need emailed praises fakeschoolprobs arewedoneyet
0,0.1350873748281955,0,1,0.2122583299053887,-0.0272727272727272,317,0.0295454545454545,0,0,0.066,2,0.0451818181818181,0,0,0,0,0,0,0,0,0,0,0,0,0,0,0,im glad hear least youre unpacked speak. keep truckin mama! 3
0,0.4156467482601392,1,0,0.5361990950226244,0.0,318,0.0,0,0,0.0,1,0.0,0,0,0,0,0,0,0,0,0,0,0,0,0,0,0,literally waiting know got single like whats popping complying
0,0.4688788533280975,1,0,0.6009872480460716,-0.01,319,-0.048,0,0,-0.0681818181818181,0,0.033,1,0,0,0,0,0,0,0,0,0,0,0,0,0,0,literally thought bad vesces last quiz apparently good bc got 88
0,0.0357914224004936,0,0,0.1483516483516483,0.0,320,0.0,0,1,0.0,1,0.0,0,0,0,0,0,0,0,0,0,0,0,0,0,0,0,according bbc4 wikipedia 3 episodes wallander yet!
0,0.0918908305517376,0,0,0.1412998765939942,0.0,321,0.1617272727272727,0,1,0.218090909090909,2,0.0678181818181818,0,0,0,0,0,0,0,0,0,0,0,0,0,0,0,6 hours cowboy bebop 1 hour inyuasha adult swim ! sleepy
1,0.4319654427645789,0,0,0.5972850678733032,-0.176,322,-0.178,1,0,0.0,0,0.0,1,0,0,0,0,0,0,0,0,0,0,0,0,0,0,says lame aint got fame!!!
0,0.1036717062634989,1,0,0.2053167420814479,0.0,323,0.0,0,0,0.0,1,0.0,0,0,0,0,0,0,0,0,0,0,0,0,0,0,0,literally cant anymore obsessed buns hairs pretty something
1,0.1684665226781857,0,0,0.4683257918552036,-0.0225,324,0.269,0,0,0.066,2,-0.1785,0,0,0,0,0,0,0,0,0,0,1,0,0,0,0,love nothing nice out.
1,0.060475161987041,0,0,0.0723981900452488,-0.015,325,0.0523333333333333,0,0,0.0244999999999999,2,0.021,0,0,0,0,0,0,0,0,0,0,0,0,0,0,0,people hydra... ...such nice people. .
1,0.1792656587473002,0,0,0.1713800904977375,0.0,326,0.0,0,1,0.0,1,0.0,0,0,0,0,0,0,0,0,0,0,0,0,0,0,0,come jamie manager heknowsbetter mourinho im even chelseasupporter
1,0.0892728581713463,0,0,0.0667420814479637,0.1276666666666666,327,-0.2749999999999999,0,0,-0.1149999999999999,0,0.0,1,0,0,0,0,0,0,0,0,0,0,0,0,0,0,...but mett steal crab legs? worries!
0,0.265658747300216,1,0,0.2816742081447964,-0.01375,328,0.163375,0,0,0.12,2,0.0635,0,0,0,0,0,0,0,0,0,0,0,0,0,0,0,literally outside grocery shop every day. good times!
0,0.3196544276457884,0,0,0.3792420814479638,0.0,329,0.18375,0,0,0.215,2,0.160875,0,0,0,0,0,0,0,0,0,0,0,0,0,0,0,oh perks job trying move maid honor bride
0,0.0526212448458668,1,0,0.0950226244343891,-0.0909090909090909,330,-0.0854545454545454,1,0,0.0063636363636363,0,0.0,1,0,0,0,0,0,0,0,0,0,0,0,0,0,0,idk tht vine funny me. freaking hilarious! like im literally tears.
0,0.3801295896328294,0,1,0.4615384615384615,-0.064,331,0.0061333333333333,1,0,0.0,2,0.0242,1,0,0,0,0,0,0,0,0,0,0,0,0,0,0,youve around world speak chose live ny.. respect that.. probably make good money.. dont blame
0,0.4780417566594673,0,0,0.5512820512820512,0.0,332,-0.1876666666666666,1,1,-0.28,0,0.0882222222222222,1,0,0,0,0,0,0,0,1,0,0,0,0,0,0,exact play offensive foul joseph night... shooting foul... nba
0,0.1468682505399568,0,0,0.2333797424295161,0.0,333,0.0626923076923076,0,1,0.0676923076923076,2,-0.0261538461538461,0,0,0,0,0,0,0,0,0,0,0,0,0,0,0,how-to compete christian race? training discipline plan purpose. know direction going! jssp -aimlessly
0,0.2764578833693304,0,1,0.3834841628959275,0.0775,334,-0.03975,0,0,-0.06875,0,0.045375,1,0,0,0,0,0,0,0,0,0,0,0,0,0,0,excellent! good know ass. speak. lean need to.
1,0.158649126251718,0,0,0.1875771287535993,0.0,335,-0.0027272727272727,0,1,0.0187272727272727,0,-0.0154545454545454,1,0,0,0,0,0,0,0,0,0,0,0,0,0,0,yes enjoy wiping sweat weight machines use them. gympains really yuck
0,0.0296204875038568,0,0,0.0223012281835811,-0.1271428571428571,336,-0.1071428571428571,1,0,0.0128571428571428,0,0.0,1,0,0,0,0,0,0,0,0,0,0,0,0,0,0,rt vocabulary grammar important youre convo me!
0,0.1792656587473002,0,0,0.2222850678733031,0.0,337,0.225,0,1,0.225,2,0.0,0,0,0,0,0,0,0,0,0,0,0,0,0,0,0,youre looking someone abs dont even abs thingsyouseeontwitter
1,0.1979187119575888,0,0,0.3603455368161251,-0.0172727272727272,338,0.0386363636363636,0,1,0.0818181818181818,2,0.0482727272727272,0,0,0,0,0,0,0,0,0,0,0,0,0,0,1,u.s. good lot things. peace? much. thanks via -of-the-mos… denmark second
0,0.2534197264218863,1,0,0.3936651583710407,0.0328666666666666,339,-0.0758666666666666,0,0,-0.1066666666666666,0,0.0355333333333333,1,0,0,0,0,0,0,0,0,0,0,0,0,0,0,fault stars saddest movie ive ever seen literally basically cried whole time. good movie also
1,0.0761829962693893,0,0,0.1135335252982311,0.0,340,0.0309090909090909,0,1,0.0,2,0.0,0,0,0,0,0,0,0,0,0,0,0,0,0,0,0,accountability many wars. many injured. little money. little resources. va accountability
1,0.1402226283435786,0,0,0.1159067177166724,-0.0053846153846153,341,0.0592307692307692,1,0,0.1078461538461538,2,0.0036923076923076,0,0,0,0,0,1,1,0,0,0,0,0,0,0,0,oh yeah warriors shouldve thrown confetti popped bottles locker room celebration loss. awesome!
0,0.1441684665226782,0,0,0.2138009049773755,-0.013125,342,0.0208125,0,1,-0.0149375,2,0.0968749999999999,0,1,0,0,0,0,0,0,0,0,0,0,0,0,0,guess im specialvanhalenclub thats ok ..can design next albumcover ? say doesnt hurt 2 ask ♢
1,0.1846652267818574,0,0,0.3283371040723982,0.0,343,0.0,0,0,-0.0975,0,-0.105,0,0,0,0,0,0,0,0,1,0,0,0,0,0,0,oh speaks woow really thought doesnt. fake government
1,0.4060475161987041,0,0,0.5955882352941176,0.0,344,0.09525,0,1,0.112125,2,0.0,0,0,0,0,0,0,0,0,0,0,1,0,0,0,0,gotta love people post getting deans list! getoveryourself
0,0.175665946724262,0,0,0.2058823529411764,0.0685333333333333,345,-0.0766666666666666,1,0,-0.092,0,0.0,1,0,0,0,0,0,0,0,0,0,0,0,0,0,0,today heard people saying whats wrong society. hmmm society asking society whats wrong society. smh
1,0.2882387590810917,0,0,0.2863019333607569,0.1634545454545454,346,-0.060090909090909,0,0,0.0916363636363636,2,0.0922727272727272,1,0,0,0,0,0,0,0,0,0,0,0,0,0,0,pages im trying access safe online pastoral topic blocked school network
0,0.1516678665706743,0,0,0.1591251885369532,-0.0077777777777777,347,0.0955555555555555,1,1,0.1922222222222222,2,0.0,0,0,0,0,0,0,0,0,0,0,0,0,0,0,0,damn! fairhope u remember laughnever dull hennessy fam moment
0,0.1900647948164147,1,0,0.2760180995475113,0.0,348,0.0,0,0,0.0,1,0.0,0,0,0,0,0,0,0,0,0,0,0,0,0,0,0,dan literally cinema waiting watch film
0,0.4204463642908568,1,0,0.3363499245852187,-0.0122222222222222,349,0.0357777777777777,0,0,0.0,2,0.0403333333333333,0,0,0,0,0,0,0,0,0,0,0,0,0,0,0,literally everything good life rarely moment music playing house.
0,0.0950323974082073,0,0,0.1221719457013574,0.0,350,-0.194,1,0,-0.0312,0,0.0,0,0,0,0,0,0,0,0,0,0,0,0,0,0,0,hog futures collapsing today??? lol
0,0.5572354211663068,0,0,0.8020361990950226,-0.0183333333333333,351,0.0536666666666666,0,1,0.0,2,0.0605,0,0,0,0,0,0,0,0,0,0,0,0,0,0,0,good place start any. goodreads 0413dav…
0,0.3528825386276791,0,1,0.4369996519317786,0.0,352,0.0692307692307692,0,0,0.0692307692307692,2,0.0,0,0,0,0,0,0,0,0,0,0,0,0,0,0,0,went. rather marvelous admit. built home away home speak. somewhere could go like
0,0.1468682505399568,0,0,0.251131221719457,0.19,353,-0.024,0,0,-0.104,0,0.0,1,0,0,0,0,0,0,0,0,0,0,0,0,0,0,atheist offended beliefs beliefs respect
1,0.6652267818574514,0,0,0.834841628959276,0.1638,354,0.1476,0,1,0.18,2,0.0,0,0,0,0,0,0,0,0,0,0,0,0,0,0,0,beautiful day going work 1.not
1,0.1160135760567726,0,0,0.1144149967679379,0.0,355,0.0,0,1,0.0,1,0.0,0,0,0,0,0,0,0,0,0,0,0,0,0,0,0,havent ridden week!! enough hours kidsonholiday knackered!!!
0,0.1939917533870017,1,0,0.2924722336487042,0.0,356,-0.0881818181818181,1,0,-0.0890909090909091,0,0.0,0,0,0,0,0,0,0,0,0,0,0,0,0,0,0,literally endless hypotheticals yet know least one person interpreted exactly intended
0,0.1306695464362851,0,0,0.2095588235294117,0.107375,357,0.1385,0,1,0.340625,2,0.02575,0,0,0,0,0,0,0,0,0,0,0,0,0,0,0,phone doubles microphone im singing car. famous lol
1,0.1576673866090712,0,0,0.2010746606334841,0.0,358,0.10625,0,0,0.098875,2,0.11675,0,0,0,0,0,0,0,0,0,0,0,0,0,0,0,monday tomorrow means school.. im gonna loads fun
0,0.4816414686825055,0,0,0.5871040723981901,0.0789166666666666,359,-0.14225,1,0,-0.1475,0,0.0101666666666666,1,0,0,0,0,0,0,0,0,0,0,0,0,0,0,bus passed co-operative funeralcare guy working could looked miserable gave death stare
0,0.1180705543556515,0,1,0.1572398190045248,0.0,360,-0.1383333333333333,0,0,0.0,0,0.0,1,0,0,0,0,0,0,0,0,0,0,0,0,0,0,yep gonna lie though calmed speak
0,0.2209194692995989,1,0,0.4489334195216548,-0.0328571428571428,361,0.0384285714285714,0,0,0.0964285714285714,0,0.089,1,0,0,0,0,0,0,0,0,0,0,0,0,0,0,liam literally following random ass people. hilarious
1,0.4362850971922246,0,0,0.5260180995475112,-0.0214,362,-0.062,1,1,-0.108,0,0.0192,1,0,0,0,0,0,0,0,0,0,0,0,0,0,0,tbt grumpy poster set disapproving movie making shenanigans onset… omc0vvlcwk
1,0.591792656587473,0,0,0.8009049773755657,0.0,363,0.017,0,0,0.09,2,0.0,0,0,0,0,0,0,0,0,0,0,0,0,0,0,0,3 getting called work 3 hours early day like today
1,0.1684665226781857,0,0,0.1798642533936651,0.0,364,0.45,0,0,0.45,2,0.0,0,0,0,0,0,0,0,0,0,0,0,0,0,0,0,people joking
1,0.1311604162576085,0,0,0.1968325791855203,0.067090909090909,365,0.0692727272727272,0,0,0.159,2,0.0,0,0,0,0,0,0,0,0,0,0,1,0,0,0,0,- yep! im sure cescs missus would love living manchester !
0,0.2620590352771779,0,0,0.2835595776772247,-0.1077777777777777,366,0.0,1,0,0.0,0,-0.1088888888888888,0,0,0,0,0,0,0,0,0,0,0,0,0,0,0,based everyones tweets seems like prom sucked last night
1,0.1036717062634989,0,0,0.2053167420814479,-0.0875,367,0.1125,1,0,0.1125,0,0.0,0,0,0,0,0,0,0,0,0,0,0,0,0,0,0,oh bens mad everyone watch out!!! really scary
1,0.564434845212383,0,0,0.5588235294117647,-0.0499999999999999,368,0.2041666666666667,0,0,0.2709999999999999,2,0.0828333333333333,0,0,0,0,0,0,0,0,0,0,0,0,0,0,0,glad cant run 5k paid for...
0,0.1861378362458276,1,0,0.2801316330728096,0.0,369,0.0154545454545454,0,0,0.0,2,0.0,0,0,0,0,0,0,0,0,0,0,0,0,0,0,0,nana still looks pretty surgery beyond me. literally shes little trooper.
0,0.5479790188213515,0,0,0.744667097608274,-0.0242857142857142,370,0.0,1,0,0.0,0,0.0,0,0,0,0,0,0,0,0,0,0,0,0,0,0,0,cant wait start driving need extended pedals
1,0.0851589015735884,0,0,0.0756302521008403,-0.0428571428571428,371,0.0464285714285714,0,0,0.1037142857142857,2,0.071,0,0,0,0,0,0,0,0,0,0,0,0,0,0,0,glad everyone mothers buying vw tiguans now....
1,0.2188624910007199,0,0,0.3212669683257918,0.0,372,0.0,0,1,0.0,1,0.0,0,1,0,0,0,0,0,0,0,0,0,0,0,0,0,husband called someone ignoramus. asked spelled e i. seriously
0,0.8626966985498304,0,0,1.103425985778927,-0.0071428571428571,373,0.162,0,1,0.1811428571428571,2,0.0245714285714285,1,0,0,0,0,0,0,0,0,0,0,0,0,0,0,stay cut grass v go shop decisionsdecisions
0,0.2000332281109819,0,0,0.2882004872955099,-0.0084615384615384,374,0.0289230769230769,0,0,-0.0522307692307692,0,-0.0434615384615384,0,0,0,0,0,0,0,0,1,0,0,0,0,0,0,apparently punctuation express ...omg know this!! thing ؟ ... really dont stop learning!
0,0.3319962974390621,0,1,0.4731738849385908,-0.0157142857142857,375,0.046,0,0,0.0,2,0.0518571428571428,0,0,0,0,0,0,0,0,0,0,0,0,0,0,0,guess thats good starting out. uncorrupted speak
0,0.1592101203332304,0,0,0.1386554621848739,0.0961428571428571,376,-0.13,0,0,-0.0857142857142857,0,0.0,1,0,0,0,0,0,0,0,0,0,0,0,0,0,0,fourteen days till summer im counting anything
0,0.4780417566594673,0,0,0.4909502262443438,-0.0091666666666666,377,0.38275,0,1,0.4125833333333333,2,-0.11225,0,0,0,0,0,0,0,1,0,0,0,0,0,0,0,moving truck running behind wanted buy us lunch many like thankyou good
0,0.0892728581713463,1,0,0.1176470588235294,0.0,378,0.0,0,0,0.0,1,0.0,0,0,0,0,0,0,0,0,0,0,0,0,0,0,0,lol. literally tweets tonight bout pretty little liars. lol.
1,0.2116630669546436,0,0,0.4259049773755656,-0.065,379,0.308,0,1,0.33075,2,0.00025,0,0,0,0,0,0,0,0,0,0,0,0,0,0,0,kevin sweet loving friendship
0,0.1516678665706743,0,0,0.1138763197586726,0.1104444444444444,380,0.1055555555555555,0,0,0.02,2,0.0,1,0,0,0,0,0,0,0,0,0,0,0,0,0,1,donald sterling sells team 2 billion officially nigga rich
1,0.177722925023141,0,0,0.3228829993535875,0.1332857142857142,381,0.2325714285714286,0,0,0.1281428571428571,2,0.0628571428571428,0,0,0,0,0,0,0,0,0,0,1,0,0,0,0,love mom tells personal info stories everyone
1,0.1684665226781857,1,0,0.2647058823529412,-0.1666666666666666,382,0.0631666666666666,1,0,-0.0291666666666666,0,0.1376666666666667,0,0,0,0,0,0,0,0,0,0,0,0,0,0,0,sorry wait literally hilarious think is.
0,0.1252699784017278,0,0,0.0653280542986425,-0.0075,383,0.0409999999999999,0,1,0.056875,0,-0.09125,1,0,0,0,0,0,0,0,0,0,0,0,0,0,0,irony posting sunglasses today cloudy 60s! outfitss… sunny
0,0.3016558675305976,0,0,0.338235294117647,0.0,384,0.12375,0,0,0.0831666666666666,2,0.0175833333333333,0,0,0,0,0,0,0,0,0,0,0,0,0,0,0,make emails safe nsa snoops it’s important govt overstep said security chief.
0,0.3039465933634401,0,0,0.4313039901275195,0.0,385,0.0,0,1,0.0754545454545454,2,0.0,0,0,0,0,0,0,0,0,0,0,0,0,0,0,0,watch feet walk .. ya might get poked hahaha totaljoke atraphouse
0,0.2116630669546436,1,0,0.17420814479638,0.0,386,0.0,0,0,0.15,2,0.0,0,0,0,0,0,0,0,0,0,0,0,0,0,0,0,people harry5 luke4 literally living dream
0,0.2803848419399176,0,1,0.2677910324969149,0.038090909090909,387,0.0207272727272727,0,0,0.1147272727272727,2,0.0114545454545454,1,0,0,0,0,0,0,0,0,0,0,0,0,0,0,tho they´re nice im back online back safety bedroom speak lol
1,0.0388768898488121,0,0,0.0441176470588235,0.0,388,0.0,0,1,0.1295,2,0.1216666666666666,0,0,0,0,0,0,0,0,0,0,0,0,0,0,0,slam whetstones im seeing?? wth??? goodmorning
1,0.4006479481641469,0,0,0.5552884615384616,-0.06,389,-0.0575,1,0,0.1125,2,0.0,1,0,0,0,0,0,0,0,0,0,0,0,0,0,0,last night got less 4 hrs sleep tonight bed sleep in. well im going chipper tomorrow!
1,0.2428605711543076,0,0,0.2986425339366516,0.0,390,0.1,0,0,0.2,2,0.0,0,0,0,0,0,0,0,0,0,0,0,0,0,0,0,like said. keep lowry in. guys playin real edge.
1,0.2672014810243752,0,0,0.2744020685197156,0.1098571428571428,391,0.0192857142857142,0,1,-0.045,2,0.0259285714285714,1,0,0,0,0,0,0,0,0,0,0,0,0,0,0,beautiful day. good thing im stuck inside writing 10 page final!  bitterness… nlwrfovpw3
0,0.0928725701943844,0,0,0.2392533936651583,-0.4675,392,0.228,1,1,0.0425,0,-0.245,0,0,0,0,0,0,0,0,0,0,0,0,0,0,0,omg problem video amazing
0,0.3755558378859104,0,0,0.382486026084642,0.0345294117647058,393,0.0695294117647058,0,1,0.0988235294117647,2,0.0373529411764705,0,0,0,0,0,0,0,0,0,0,0,0,0,0,0,cutting bargash trees 2 make space 4 british sandhurst military academy 5 days celebrating independence britain jordan
0,0.060475161987041,0,1,0.088235294117647,0.0,394,0.0,0,0,0.0,1,0.0,0,0,0,0,0,0,0,0,0,0,0,0,0,0,0,breakin legs speak. danjon97 ole1rou5vm
0,0.2152627789776817,1,0,0.2929864253393665,0.0,395,0.1295833333333333,0,0,0.1169999999999999,2,-0.06,0,0,0,0,0,0,0,0,0,0,0,0,0,0,0,cant help it... ive order many online already im literally waiting wear
0,0.4139014333398783,0,0,0.4621554915672562,0.0,396,0.0715454545454545,0,0,0.1605454545454545,2,-0.028,0,0,0,0,0,0,0,0,0,0,0,0,0,0,0,friend used work talent corp completed masters harvard. want return malaysia.
1,0.367170626349892,0,0,0.339366515837104,0.0031,397,0.0985,0,0,0.18,2,-0.005,0,0,0,0,0,0,0,0,0,0,0,0,0,0,0,outstanding. think wouldve told shouldve played real sport like rugby...
1,0.2116630669546436,0,0,0.3543956043956043,-0.1129999999999999,398,0.0737857142857142,1,1,-0.0484285714285714,0,0.0072142857142857,1,0,0,0,0,0,0,0,0,0,0,0,0,0,0,scared lose weight ill bod like nicki minaj. tiny waist big ass hips niceott
0,0.2000332281109819,0,0,0.3116950922380787,0.0,399,0.0746153846153846,0,1,0.0784615384615384,0,-0.0646153846153846,1,1,0,0,0,0,0,0,0,0,0,0,0,0,0,spellingbee im wondering walk 7eleven one understands ask spell shit never heard of.
0,0.3743700503959684,1,0,0.6832579185520361,0.0,400,0.12,0,0,0.076,2,-0.112,0,0,0,0,0,0,0,0,0,0,0,0,0,0,0,literally get mad people shit talk turkish people whole work fam turkish shit talk time.
0,0.3412526997840173,1,0,0.3427601809954751,-0.011,401,0.0322,0,0,-0.078,2,-0.0308999999999999,0,0,0,0,0,0,0,0,0,0,0,0,0,0,0,yeah literally two plans summer looking good x need hang
1,0.4924406047516199,0,0,0.5399698340874811,0.0,402,-0.2155555555555555,1,1,-0.2177777777777777,0,0.0,0,0,0,0,0,0,0,0,0,0,0,0,0,0,0,joe makes jokes strawberries look like car crash eathealthy
0,0.2678185745140389,0,0,0.2375565610859728,0.0796,403,0.013,0,0,0.027,0,0.0,1,0,0,0,0,0,0,0,0,0,0,0,0,0,0,ag epa’s ‘cap-and-trade scheme’ would violate clean air act 0529ag-…
1,0.3023758099352052,0,0,0.5497737556561085,0.1186,404,-0.106,0,1,-0.182,0,0.0,0,0,0,0,0,0,0,0,0,0,0,0,0,0,0,see u soccer comber fag
1,0.3589240133516591,0,0,0.3449197860962567,0.0473636363636363,405,0.1287272727272727,0,1,0.013090909090909,2,-0.0176363636363636,1,0,0,0,0,0,0,0,1,0,0,0,0,0,0,travellers know better importance relations people forget importance travelling together relation..thought
0,0.2908567314614831,1,0,0.332579185520362,-0.0122222222222222,406,0.0357777777777777,0,0,0.0,2,0.0403333333333333,0,0,0,0,0,0,0,0,0,0,0,0,0,0,0,literally gobsmacked michael organised fathers day actually good idea
1,0.060475161987041,0,0,0.1251885369532428,0.0,407,0.0105555555555555,0,0,0.0,2,0.0157777777777777,0,0,0,0,0,0,0,0,0,0,0,0,0,0,0,need one .. burbank airport .. ... aint right!!
1,0.2044636429085673,0,0,0.4966063348416289,0.0,408,0.1301666666666666,0,0,0.1681666666666666,2,-0.1416666666666666,1,0,0,0,0,0,0,0,0,0,1,0,0,0,0,love randomly waking 4 one awake
0,0.3130088054494102,0,1,0.4161155586494953,-0.0084615384615384,409,0.0247692307692307,0,1,0.0,0,0.0148461538461538,0,0,0,0,0,0,0,0,0,0,0,0,0,0,0,good start thunder! weathering storm speak. staying poised calm. spurs look desperate! wearethunder
1,0.2797806944675196,0,0,0.3926209537069265,-0.0083846153846153,410,0.0735384615384615,1,0,0.0036923076923076,0,0.0635384615384615,1,0,0,0,0,0,0,0,1,0,0,0,0,0,0,obama starts 5 billion counter terrorism fund wants support syrian rebels many terrorists
1,0.2188624910007199,0,0,0.2251131221719456,0.0,411,0.4505,0,1,0.4121666666666666,2,-0.3066666666666666,0,0,0,0,0,0,0,0,0,0,0,0,0,0,0,result years evolution. act accordingly philosophy
0,0.1036717062634989,0,0,0.253393665158371,-0.0566666666666666,412,0.3,1,0,0.3,0,0.0,0,0,0,0,0,0,0,0,0,0,0,0,0,0,0,somebodys ripping piss
1,0.2476601871850252,0,0,0.3354072398190045,0.0661666666666666,413,0.0743333333333333,0,1,0.10225,2,0.0,1,0,0,0,0,0,0,0,0,0,1,0,0,0,0,keep writing deportation instead deprivation. laugh. love psychology saturday night itsucks help
1,0.1468682505399568,0,0,0.2986425339366516,-0.022,414,0.187,0,0,0.1594,2,0.0234,0,0,0,0,0,0,0,0,0,0,1,0,0,0,0,oh love people dont respond
0,0.0874730021598272,0,0,0.1162330316742081,0.02125,415,0.1125,0,0,0.00875,2,0.0,0,0,0,0,0,0,0,0,0,0,0,0,0,0,0,stil luv dis song death yet uhuru maphorisa
0,0.2136265462399372,0,0,0.190662278897573,-0.17,416,-0.1235454545454545,1,1,-0.0881818181818181,0,0.0,1,0,0,0,0,0,0,0,0,0,0,0,0,0,0,video.supe… shows extreme cartoon violence censors language security guards bulge. thisworld
1,0.2678185745140389,0,0,0.2375565610859728,-0.099,417,-0.1603,1,0,-0.182,0,0.0112,1,0,0,0,0,0,0,0,0,0,0,0,0,0,0,enough chunks code wrote open im danger becoming developer. ?
1,0.0913298364702252,0,0,0.2986425339366516,0.0,418,0.2571428571428572,0,0,0.1457142857142857,2,-0.12,0,0,0,0,0,0,0,0,0,0,0,0,0,0,0,ignored pretty fucking awesome today awesome general..
0,0.4893551373033015,1,0,0.5240788623141563,-0.0078571428571428,419,0.0872857142857142,0,0,0.1285714285714286,2,0.0259285714285714,0,0,0,0,0,0,0,1,0,0,0,0,0,0,0,andrew lawrence one comedians good makes wish writing new material literally hes still on.
1,0.3157274690752013,0,0,0.4220485396955985,0.0,420,0.0,0,1,0.0818181818181818,2,0.0,0,0,0,0,0,0,0,0,0,0,0,0,0,0,0,remember time last year ahh 6 exams left didnt know goodtimes
0,0.2850971922246221,0,0,0.335972850678733,0.0659,421,0.0539,0,0,0.1652,2,0.1048,0,0,0,0,0,0,0,0,0,0,0,0,0,0,0,know good websitesvideosliterally anything explain finding optimal solution linear programming??
0,0.0863930885529157,0,0,0.0509049773755656,0.0,422,0.1905,0,0,0.1666,2,0.0,0,0,0,1,0,0,0,0,0,0,0,0,0,0,0,opera english main sensible baseball italian. - henry louis mencken
0,0.2980561555075594,0,1,0.375,-0.0125,423,0.0145,0,0,0.012,2,0.01575,0,0,0,0,0,0,0,0,0,0,0,0,0,0,0,terms tv land speak...
0,0.1871850251979842,0,0,0.411764705882353,0.0,424,0.0618,0,1,0.0664,2,0.0058666666666666,0,0,0,0,0,0,0,0,0,0,1,0,0,0,0,w oldies! lotta love poopertroopers nyc! dogs us horses uk sweet start evening. preeshiating speaker
0,0.1547221676811309,0,0,0.1937474290415466,0.0,425,0.0,0,1,0.0088181818181818,2,0.0043636363636363,0,0,0,0,0,0,0,0,0,0,0,0,0,0,0,even though steelseries company. irony color wheel exists ts4 sad... stayinghopeful
0,0.3232541396688265,0,0,0.3580316742081448,-0.0091666666666666,426,-0.044,0,0,-0.0625,0,0.03025,1,0,0,0,0,0,0,0,0,0,0,0,0,0,0,girls dont want good guy date bad boys dumpedthey say guys same!
1,0.4060475161987041,0,0,0.3778280542986425,0.294,427,0.628,0,0,0.3,2,0.0,0,0,0,0,0,0,0,1,0,0,0,0,0,0,0,wow feeling rocks
1,0.1468682505399568,0,0,0.2986425339366516,0.0,428,0.0,0,0,0.0,1,0.0,0,0,0,0,0,0,0,0,0,0,0,0,0,0,0,needs money....
0,0.281257499400048,0,0,0.358974358974359,0.0,429,0.1,0,0,0.2,2,0.0,0,0,0,0,0,0,0,0,0,0,0,0,0,0,0,hey whoever used office gone weekend... thanks cleaning yourself!!
1,0.4060475161987041,0,0,0.2731900452488688,0.0,430,0.21925,0,0,0.2295,2,0.185,0,0,0,0,0,0,0,0,0,0,0,0,0,0,0,im productive right now.
1,0.1846652267818574,0,0,0.1841063348416289,-0.12125,431,0.0,1,1,0.015,0,-0.2274999999999999,0,0,0,0,0,0,0,0,0,0,0,0,0,0,0,423am wake dead sleep hungry..... that!!!! problems togetup
1,0.2980561555075594,0,0,0.2944004524886878,-0.02125,432,-0.04,1,1,0.0985,0,0.0,1,0,0,0,0,0,0,0,0,0,0,0,0,0,0,sometimes sarcasm ease things even death lol die
1,0.1198704103671706,0,0,0.1841063348416289,0.0,433,0.02525,0,0,0.0,2,0.0225,0,0,0,0,0,0,0,0,0,0,0,0,0,0,0,holy cow. never knew thats ™ stood for.
1,0.1324694024478041,0,0,0.1233031674208144,0.0,434,0.1358333333333333,0,1,0.1233333333333333,2,-0.125,0,0,0,0,0,0,0,0,0,0,0,0,0,0,0,another day changing look. ivebeenworkingfor3yrs youstillrebooked
1,0.4348452123830094,0,0,0.4268476621417798,0.0555555555555555,435,-0.0681111111111111,1,0,0.0414444444444444,2,0.0762222222222222,0,0,0,0,0,0,0,0,0,0,0,0,0,0,0,hopefully trade draft picks move draft another wide receiver.
0,0.2826288182659673,0,0,0.3471234647705236,-0.1328571428571428,436,-0.2728571428571428,1,0,-0.2728571428571428,0,0.0242857142857142,1,0,0,0,0,0,0,0,0,0,0,0,0,0,0,chuckles bet horrible job looking pictures mrb
0,0.3314353033575496,0,0,0.2431098313451254,0.2225454545454545,437,0.073,0,0,0.0594545454545454,2,0.0,1,0,0,0,0,0,0,0,0,0,0,0,0,0,0,1. walk confidently car. keys ready visible. unlock car close by.
0,0.4256823090516395,0,1,0.5670505964623612,-0.01,438,0.0292727272727272,0,0,0.0818181818181818,2,0.033,0,0,0,0,0,0,0,0,0,0,0,0,0,0,0,thx geoff. good know youre still looking opps set straight. speak.
1,0.1511879049676026,0,0,0.1798642533936651,-0.06,439,0.2351,0,1,0.3235,2,0.1705,0,0,0,0,0,0,0,0,0,0,0,0,0,0,0,im glad count whenever need help something im soooo glad
0,0.1511879049676026,0,0,0.1934389140271493,0.1629999999999999,440,0.1109999999999999,0,1,-0.0209999999999999,0,0.0,1,0,0,0,0,0,0,0,0,0,0,0,0,0,0,secretive gathering rich powerful bilderberg2014 actually privacy exist? agenda 2014may…
1,0.224622030237581,0,0,0.2613122171945701,-0.099,441,0.1581,1,1,0.0664999999999999,2,-0.128,0,0,0,0,0,0,0,0,0,0,0,0,0,0,0,highlight night two drunk guys come dance me... concertprobs… nrj3tyytjz
0,0.1382289416846652,0,0,0.1561085972850678,0.0804,442,-0.196,1,1,-0.1035,0,-0.0839999999999999,1,0,0,0,0,0,0,0,0,0,0,1,0,0,0,nhlplayoffs . homophobic slurs replaced men squirting liquid others face.
0,0.5418080839247146,1,0,0.5458952811893988,-0.0157142857142857,443,0.1548571428571428,0,0,0.1281428571428571,2,0.0518571428571428,0,0,0,0,0,0,0,0,0,0,1,0,0,0,0,love stuff. literally feel good right now!
1,0.1727861771058315,0,0,0.3190045248868778,0.1444,444,-0.0455999999999999,0,1,0.0154,0,0.0,1,0,0,0,0,0,0,0,0,0,1,0,0,0,0,love sun blister nose... fusun
1,0.2140628749700024,0,0,0.3212669683257918,0.0,445,0.0,0,0,0.0915555555555555,2,0.0,0,0,0,0,0,0,0,0,0,0,0,0,0,0,0,bouta go night swim da homies! haha soooooo cool!
1,0.1792656587473002,0,0,0.3453054298642534,0.119,446,0.220625,0,1,0.113125,2,0.096625,0,0,0,0,0,0,0,0,0,0,0,0,0,0,0,yes florida great idea shut part 95 thanksforthedetour
0,0.3719449812436058,1,0,0.387949511788521,-0.0057894736842105,447,0.1502631578947368,0,0,0.0834210526315789,2,-0.124578947368421,0,0,0,0,0,0,0,0,0,0,0,0,0,0,0,ahaha square announced final fantasy type 0 ps4 port thats coming america literally days fan translation comes good shit
1,0.1708663306935445,0,0,0.2156862745098039,0.0,448,0.2676666666666667,0,0,0.3011111111111111,2,-0.1744444444444444,0,0,0,0,0,0,0,0,0,0,0,0,0,0,0,music studying finals drinking caffeine stay awake fuuun... --
0,0.3484521238300936,0,0,0.5663650075414781,0.2101111111111111,449,0.1934444444444444,0,0,0.1706666666666666,2,0.0,0,0,0,0,0,0,0,0,0,0,0,0,0,0,0,favorite part topless photo nyc red sign hanging behind
0,0.0691144708423326,0,0,0.1527149321266968,0.0,450,0.09,0,1,0.1694,2,0.1018,0,0,0,0,0,0,0,0,0,0,0,0,0,0,0,okay montreal drill. send us restaurant recommendations! hungry dinner theatre.
0,0.1000719942404607,1,0,0.0921945701357465,-0.0191666666666666,451,0.11025,0,0,0.1363333333333333,2,0.0675833333333333,0,0,0,0,0,0,0,0,0,0,0,0,0,0,0,literally havent laughed hard life. keek kourt kardash numb lip hilarious omg.
0,0.2598438278783851,0,0,0.2594848590323703,0.0,452,0.1383076923076923,0,0,0.112,2,-0.04,0,0,0,0,0,0,0,0,0,0,0,0,0,0,0,???haha u live podge? ya fingers crossed would luv study gway change scene
1,0.2882387590810917,0,0,0.2955573837926779,-0.0575454545454545,453,0.0054545454545454,1,0,-0.0129090909090909,0,0.0296363636363636,1,0,0,0,0,0,0,0,0,0,0,0,0,0,0,consumerism used control populace way proverbial carrot used control proverbial horse.
0,0.2008639308855291,0,0,0.3071266968325792,-0.10625,454,-0.071875,1,0,0.014625,0,0.03325,1,0,0,0,0,0,0,0,0,0,0,0,0,0,0,true story. hasnt stopped crying since youve left.
0,0.0,0,0,0.0203619909502262,0.0,455,0.1756,0,0,0.1726,2,0.0,0,0,0,0,0,0,1,0,0,0,0,0,0,0,0,isnt soon birthday presents? ujuuu
1,0.6911447084233262,0,0,0.7601809954751131,0.0,456,0.0,0,1,0.0,1,0.0,0,0,0,0,0,0,0,0,0,0,0,0,0,0,0,mets keep rolling bases loaded
0,0.2872570194384449,0,0,0.1968325791855203,0.0,457,0.0,0,0,0.0,1,0.0,0,0,0,0,0,0,0,0,0,0,0,0,0,0,0,rt rj.... calling fat?....
